name,
100 Summer Plaza,
1965 Freedom Plaza,
9/11 Memorial,
A Street,
A1 Jetway,
A10 Jetway,
A11 Jetway,
A13 Jetway,
A14 Jetway,
A15 Jetway,
A16 Jetway,
A17 Jetway,
A18 Jetway,
A19 Jetway,
A2 Jetway,
A20 Jetway,
A21 Jetway,
A22 Jetway,
A3 Jetway,
A4 Jetway,
A5 Jetway,
A6 Jetway,
A7 Jetway,
A8 Jetway,
A9 Jetway,
Abbot Street,
Abbotsford Street,
Abby Road,
Aberdeen Street,
Abramson Cemetery,
Acacia Avenue,
Acacia Road,
Academic Way,
Academy Court,
Academy Hill Road,
Academy Road,
Academy Terrace,
Acadia Street,
Achorn Circle,
Ackley Place,
Acorn Street,
Ada Street,
Adair Road,
Adams Place,
Adams Street,
Adams Terrace,
Adamson Street,
Adanac Terrace,
Adath Jeshurun Cemetery,
Addington Road,
Addison Street,
Adelaide Street,
Adelaide Terrace,
Adella Place,
Adirondack Place,
Adrian Street,
Agassiz Park,
Agassiz Road,
Agawam Street,
Agnes Avenue,
Aguadilla Street,
Agudath Israel Cemetery,
Ainsley Street,
Ainsworth Street,
Ainsworth Street Footway,
Airport Road,
Airport Road - Arrivals Level,
Airport Road - Departures Level,
Airport Way,
Akron Place,
Akron Street,
Al Street,
Al Zwiercan Way,
Alabama Street,
Alameda Road,
Alaric Street,
Alaric Terrace,
Alaska Street,
Alban Street,
Albano Street,
Albany Street,
Albemarle Court,
Albemarle Street,
Albemarle Terrace,
Albert H. Gordon Road,
Albert Street,
Alberta Street,
Albion Place,
Albion Street,
Albright Street,
Alcorn Street,
Alcott Street,
Alder Street,
Aldie Street,
Aldo Terrace,
Aldrich Street,
Aldwin Road,
Aldworth Street,
Alexander Street,
Alford Street,
Alfred Street,
Alger Street,
Algonquin Street,
Alhambra Road,
Alicia Road,
Alkyris Road,
Allandale Road,
Allandale Street,
Alleghany Street,
Allen Road,
Allen Street,
Allen's Alley,
Allenwood Street,
Allerton Street,
Alleyne Street,
Alliance Way,
Allstate Road,
Allston Street,
Almont Street,
Alna Place,
Alpha Road,
Alpheus Road,
Alpine Place,
Alpine Street,
Altacrest Road,
Altair Road,
Althea Street,
Alther Street,
Alton Court,
Alvah Kittredge Park,
Alvan Terrace,
Alvarado Avenue,
Alveston Street,
Alveston Terrace,
Alward Road,
Alwin Street,
Amboy Street,
Ambrose Street,
American Friendship Cemetery,
American Legion Highway,
Ames Street,
Ames Way,
Amesbury Street,
Amherst Street,
Amory Avenue,
Amory Street,
Amory Terrace,
Amy Court,
Anawan Avenue,
Anawan Terrace,
Anchor Street,
Anchor Way,
Anderer Lane,
Anderson Place,
Anderson Street,
Andover Road,
Andrew Square Busway,
Andria Road,
Angell Street,
Anita Terrace,
Ann Street,
Annabel Street,
Annafran Street,
Annapolis Street,
Annavoy Street,
Annunciation Road,
Ansel Road,
Anselm Terrace,
Anshei Sfard Cemetery,
Anson Street,
Ansonia Road,
Anthony J. Grieco Terrace,
Anthony and Dee Dee Marmo Pedestrian Overpass,
Antrim Street,
Antwerp Street,
Antwerp Street Extension,
Apostles Avenue,
Appian Place,
Appian Way,
Appleton Street,
Aramon Street,
Arbella Road,
Arborcrest Terrace,
Arboretum Road,
Arborfield Road,
Arborough Road,
Arborview Road,
Arborway,
Arborway Terrace,
Arbroth Street,
Arbutus Street,
Arcadia Park,
Arcadia Street,
Arcadia Terrace,
Arch Street,
Archdale Road,
Archer Terrace,
Archway Street,
Arcola Street,
Ardale Street,
Ardee Street,
Arden Street,
Ardent Street,
Ardmore Road,
Argus Place,
Argyle Street,
Argyle Terrace,
Arion Street,
Arklow Street,
Arlington Avenue,
Arlington Court,
Arlington Path,
Arlington Street,
Armandine Street,
Armington Street,
Armory Street,
Armstrong Path,
Armstrong Street,
Arrow Street,
Arsenal Street,
Arthur Street,
Arthur's Way,
Arundel Street,
Arvale Road,
Ascot Street,
Ash Avenue,
Ash Street,
Ashburton Place,
Ashcroft Street,
Asheville Road,
Ashfield Street,
Ashford Court,
Ashford Street,
Ashford Terrace,
Ashland Avenue,
Ashland Street,
Ashley Street,
Ashmont Busway,
Ashmont Court,
Ashmont Park,
Ashmont Street,
Ashmore Road,
Ashton Street,
Ashwood Terrace,
Aspen Street,
Aspinwall Road,
Asticou Road,
Astoria Street,
Atereth Israel Cemetery,
Athelwold Street,
Athens Street,
Atherstone Street,
Atherton Avenue,
Atherton Place,
Atherton Street,
Athol Street,
Atkins Street,
Atkinson Street,
Atlantic Avenue,
Atlantic Street,
Atlantis Street,
Atwill Road,
Atwood Road,
Atwood Square,
Au Bon Pain Way,
Auburn Place,
Auburn Square,
Auburn Street,
Auburn Terrace,
Auckland Street,
Augustus Avenue,
Auriga Street,
Austin Avenue,
Austin Street,
Autumn Lane,
Autumn Street,
Avalon Road,
Avenue De Lafayette,
Avenue Louis Pasteur,
Averbuch Terrace,
Averton Street,
Avery Place,
Avery Street,
Avila Road,
Avon Place,
Avon Street,
Avondale Street,
Ayles Road,
Ayr Road,
B Street,
B1 Jetway,
B10 Jetway,
B11 Jetway,
B12 Jetway,
B14 Jetway,
B15 Jetway,
B16 Jetway,
B17 Jetway,
B18 Jetway,
B19 Jetway,
B2 Jetway,
B20 Jetway,
B21 Jetway,
B22 Jetway,
B23 Jetway,
B24 Jetway,
B25 Jetway,
B26 Jetway,
B27 Jetway,
B28 Jetway,
B29 Jetway,
B3 Jetway,
B30 Jetway,
B31 Jetway,
B31A Jetway,
B32 Jetway,
B33 Jetway,
B34 Jetway,
B35 Jetway,
B35A Jetway,
B36 Jetway,
B37 Jetway,
B38 Jetway,
B39 Jetway,
B4 Jetway,
B40 Jetway,
B5 Jetway,
B6 Jetway,
B7 Jetway,
B8 Jetway,
B9 Jetway,
Babbitt Street,
Babcock Street,
Babe Ruth Park Drive,
Babson Street,
Back Bay Arcade,
Back Street,
Badger Place,
Badger Road,
Bagnal Street,
Bailey Street,
Baird Street,
Baker Avenue,
Baker Court,
Baker Place,
Baker Street,
Baker Street Memorial Park,
Bakers Alley,
Bakersfield Street,
Baldwin Place,
Baldwin Street,
Balfour Street,
Balina Place,
Ball Street,
Ballard Street,
Ballard Way,
Ballou Avenue,
Ballou Place,
Balmoral Park,
Balsam Street,
Bancroft Street,
Banfield Avenue,
Bangor Road,
Banks Street,
Banton Street,
Bantry Way,
Barbara Street,
Barclay Road,
Bard Avenue,
Bardwell Street,
Barker Street,
Barlow Street,
Barna Road,
Barnard Place,
Barnes Avenue,
Barrett Avenue,
Barrington Road,
Barrows Street,
Barry Park,
Barry Street,
Barstow Street,
Bartlett Avenue,
Bartlett Place,
Bartlett Square,
Bartlett Station Drive,
Bartlett Street,
Basile Street,
Basto Terrace,
Batchelder Street,
Bateman Street,
Bateswell Road,
Batten Way,
Battery Street,
Battery Wharf,
Batterymarch Street,
Baxter Road,
Baxter Street,
Bay State Place,
Bay State Road,
Bay Street,
Bay View Place,
Bayard Street,
Bayside Street,
Bayswater Street,
Beach Point Place,
Beach Street,
Beacham Street,
Beachview Road,
Beacon Path,
Beacon Street,
Beacon Street Mall,
Beale Street,
Bearse Avenue,
Beaufield Street,
Beauford Lane,
Beaufort Road,
Beaumont Street,
Beaver Place,
Beaver Street,
Becket Street,
Beckler Avenue,
Bedford Street,
Beech Avenue,
Beech Glen Street,
Beech Path,
Beech Street,
Beechcroft Street,
Beecher Street,
Beechland Circle,
Beechland Street,
Beechmont Footway,
Beechmont Street,
Beechmont Terrace,
Beechwood Street,
Beethoven Street,
Belden Square,
Belden Street,
Belfort Street,
Belgrade Avenue,
Belgravia Place,
Bell Court,
Bellaire Road,
Bellamy Street,
Belle Avenue,
Belle Isle Marsh: Lawn Av Wildlife Viewing Path,
Bellevue Hill Road,
Bellevue Street,
Bellflower Street,
Bellingham Place,
Bellvista Road,
Belmont Street,
Belmore Terrace,
Belnap Road,
Belnel Road,
Belton Street,
Belvidere Street,
Bennet Street,
Bennett Street,
Bennington Street,
Benson Street,
Bentham Road,
Bentley Street,
Benton Street,
Beram Avenue,
Berkeley Street,
Berkshire Street,
Bernard Street,
Bernice Street,
Berry Street,
Bertram Street,
Bertson Avenue,
Berwick Street,
Beryl Street,
Beth El Cemetery,
Beth Hamidrash Hagadol Cemetery,
Bethany Avenue,
Bethune Way,
Beverly Street,
Bexley Road,
Bianculli Boulevard,
Bickford Avenue,
Bickford Street,
Bicknell Street,
Bigelow Circle,
Bigelow Street,
Billings Lane,
Billings Street,
Bilodeau Road,
Biltmore Street,
Binford Street,
Binney Street,
Bio Square Drive,
Birch Road,
Birch Street,
Birchcroft Road,
Birchland Avenue,
Birchland Terrace,
Birchwood Street,
Bird Place,
Bird Street,
Biscoe Place,
Bishop Joe L Smith Way,
Bishop Street,
Bismarck Street,
Bispham Street,
Blaban Place,
Black Falcon Avenue,
Blackfan Street,
Blackinton Street,
Blackstone Street,
Blackwell Footpath,
Blackwell Street,
Blackwood Street,
Blagden Street,
Blaine Street,
Blake Street,
Blakemore Street,
Blakeville Street,
Blanchard Street,
Blanche Street,
Blandford Mall,
Blanvon Road,
Blenford Road,
Bloomfield Street,
Bloomington Street,
Blossom Court,
Blossom Street,
Blue Hill Avenue,
Blue Hills Parkway,
Blue Jay Circle,
Blue Ledge Drive,
Blue Ledge Terrace,
Bluefield Terrace,
Blueview Circle,
Blueview Road,
Board Alley,
Boardman Street,
Bobolink Street,
Bodwell Street,
Bogandale Road,
Bollard Way,
Bolster Street,
Bolton Place,
Bolton Street,
Bolyston Lodge Memorial Park,
Bonad Road,
Bonair Street,
Bond Drive,
Bond Street,
Border Street,
Boston HarborWalk,
Boston HarborWalk North End,
Boston Harborwalk,
Boston Street,
Boston University Bridge,
Boston Wharf Road,
Bostonia Avenue,
Boswell Lane,
Bosworth Street,
Bothwell Road,
Boulevard Terrace,
Bourne Street,
Bournedale Road,
Bourneside Street,
Boutwell Street,
Bow Street,
Bowditch Road,
Bowdoin Avenue,
Bowdoin Park,
Bowdoin Street,
Bowen Street,
Bower Street,
Bower Terrace,
Bowker Street,
Bowman Street,
Boxford Terrace,
Boyd Street,
Boyden Street,
Boyle Street,
Boylston Arcade,
Boylston Path,
Boylston Place,
Boylston Square,
Boylston Street,
Boynton Street,
Brackett Street,
Bradbury Street,
Braddock Park,
Bradeen Street,
Bradfield Avenue,
Bradford Circle,
Bradford Road,
Bradford Street,
Bradlee Court,
Bradlee Lane,
Bradlee Park,
Bradlee Street,
Bradshaw Street,
Bradston Street,
Bradstreet Avenue,
Bradwood Street,
Braeburn Road,
Braemore Road,
Braewood Street,
Bragdon Street,
Brahms Street,
Brainard Street,
Brainerd Road,
Braintree Street,
Branch Street,
Branchfield Street,
Brandywyne Drive,
Brannon-Harris Way,
Branton Street,
Braves Field Way,
Bray Street,
Brayton Road,
Brayton Terrace,
Breck Avenue,
Breed Street,
Bremen Street,
Bremen Terrace,
Brent Street,
Brenton Street,
Brentwood Street,
Brewer Street,
Brewery Lane,
Brewster Street,
Briarcliff Terrace,
Bridge Street,
Brier Road,
Briggs Place,
Brigham Street,
Brighton Avenue,
Brighton Street,
Brimmer Path,
Brimmer Street,
Brinsley Street,
Brinton Street,
Broad Street,
Broadlawn Park,
Broadway,
Broadway Street,
Brock Street,
Brockton Street,
Bromfield Street,
Bromley Street,
Bronsdon Street,
Bronx Road,
Brook Avenue,
Brook Farm Road,
Brook Marshall Road,
Brook Street,
Brookdale Street,
Brookfield Street,
Brookford Street,
Brookledge Street,
Brookley Road,
Brookline Avenue,
Brooks Street,
Brooksdale Road,
Brookside Avenue,
Brookside Avenue Extension,
Brookstone Street,
Brookvale Street,
Brookview Street,
Brookway Road,
Brookway Terrace,
Brother Joseph A Heeran Way,
Brown Avenue,
Brown Terrace,
Browning Avenue,
Brownson Terrace,
Bruce Street,
Brucewood Street,
Brunswick Street,
Brush Hill Terrace,
Brushwood Circle,
Bryant Road,
Bryon Road,
Buchanan Road,
Buckingham Street,
Buckley Avenue,
Bucknam Street,
Buick Street,
Bulfinch Place,
Bullard Street,
Bungalow Road,
Bunker Hill Court,
Bunker Hill Industrial Park,
Bunker Hill Street,
Bunker Street,
Burard Street,
Burbank Street,
Burgess Street,
Burgoyne Street,
Burke Street,
Burley Street,
Burlington Avenue,
Burmah Street,
Burnett Street,
Burney Street,
Burnham Place,
Burnside Avenue,
Burr Street,
Burrage Street,
Burrell Street,
Burrill Place,
Burroughs Place,
Burroughs Street,
Burrwood Road,
Burt Street,
Burton Avenue,
Burton Street,
Burwell Road,
Bushnell Street,
Business Street,
Business Terrace,
Bussey Hill Road,
Bussey Street,
Buswell Street,
Butland Court,
Butler Row,
Butler Square,
Butler Street,
Butrimantzy Cemetery,
Buttonwood Court,
Buttonwood Street,
Bynner Street,
Byrd Avenue,
Byron Street,
C Street,
C10 Jetway,
C11 Jetway,
C12 Jetway,
C14 Jetway,
C15 Jetway,
C16 Jetway,
C17 Jetway,
C18 Jetway,
C19 Jetway,
C20 Jetway,
C21 Jetway,
C22 Jetway,
C23 Jetway,
C24 Jetway,
C25 Jetway,
C26 Jetway,
C27 Jetway,
C28 Jetway,
C29 Jetway,
C30 Jetway,
C31 Jetway,
C32 Jetway,
C33 Jetway,
C34 Jetway,
C36 Jetway,
C8 Jetway,
C9 Jetway,
Cabot Street,
Caddy Road,
Cahners Place,
Calder Street,
Caldwell Street,
Caledonian Avenue,
Call Street,
Callahan Place,
Callahan Tunnel,
Callender Street,
Caltha Road,
Calumet Street,
Calvin Place,
Calvin Road,
Calvin Struzziery Bridge,
Cambria Street,
Cambridge Street,
Cambridge Terrace,
Camden Street,
Camelia Road,
Camelot Court,
Cameron Street,
Camp Road,
Campanella Way,
Campus Shuttle Loop,
Canaan Street,
Canal Street,
Candor Place,
Canterbury Street,
Capen Place,
Capen Street,
Capital Street,
Capstan Way,
Car Rental Entrance,
Car Rental Entrance (second),
Car Rental Exit,
Cardington Street,
Carleton Street,
Carlford Road,
Carlisle Street,
Carlos Street,
Carlotta Street,
Carlson Circle,
Carlson Road,
Carlton Street,
Carmel Street,
Carmela Lane,
Carmen Street,
Carney Court,
Carol Avenue,
Carol Circle,
Carolina Avenue,
Carolina Place,
Carolina Square,
Carpenter Street,
Carriage Path,
Carroll Street,
Carrolton Lane,
Carrolton Road,
Carruth Street,
Carson Street,
Carter Street,
Carver Street,
Cary Place,
Caryll Street,
Caspar Street,
Caspian Way,
Cass Street,
Cassnet Street,
Castle Court,
Castle Rock Street,
Castlegate Road,
Castleton Street,
Cataumet Street,
Catawba Street,
Catbird Court,
Catenacci Way,
Catherine Street,
Caton Street,
Cattle Drive,
Causeway Street,
Cawfield Street,
Cazenove Street,
Cedar Avenue,
Cedar Grove Road,
Cedar Grove Street,
Cedar Lane Way,
Cedar Park,
Cedar Place,
Cedar Road,
Cedar Square,
Cedar Street,
Cedarcrest Circle,
Cedarcrest Lane,
Cedarcrest Road,
Cedarcrest Terrace,
Cedarwood Road,
Cedric Street,
Cedrus Avenue,
Cefalo Road,
Celia Road,
Cemetery Road,
Cenacle Road,
Center Court,
Center Plaza,
Centervale Park,
Centola Street,
Central Avenue,
Central Avenue East,
Central Avenue West,
Central Parking Access Road,
Central Square North,
Central Square South,
Central Street,
Centre Avenue,
Centre Court,
Centre Lane,
Centre Place,
Centre Street,
Centre Terrace,
Cerdan Avenue,
Cerina Road,
Ceylon Street,
Chadwick Street,
Chamberlain Street,
Chamblet Street,
Champlain Circle,
Champney Place,
Champney Street,
Chandler Street,
Channel Center Street,
Channel Street,
Channel Walk,
Chapel Avenue,
Chapel Road,
Chapin Avenue,
Chapman Place,
Chappie Street,
Charbonnier Street,
Charlame Place,
Charlame Street,
Charlemont Street,
Charles Circle,
Charles Park Road,
Charles Path,
Charles River Avenue,
Charles River Dam Road,
Charles River Square,
Charles Road,
Charles Street,
Charles Street South,
Charlesgate,
Charlesgate East,
Charlesgate West,
Charlesview Street,
Charlotte Street,
Charme Avenue,
Charter Street,
Chase Street,
Chatham Row,
Chatham Street,
Chaucer Street,
Chauncey Street,
Chauncy Street,
Cheever Court,
Chellman Street,
Chelmsford Street,
Chelsea Street,
Chelsea Terrace,
Cheney Street,
Cheriton Road,
Cherokee Street,
Cherry Road,
Cheryl Lane,
Chesbrough Road,
Cheshire Street,
Chester Park,
Chester Place,
Chester Street,
Chesterfield Street,
Chesterton Street,
Chestnut Avenue,
Chestnut Hill Avenue,
Chestnut Hill Driveway,
Chestnut Place,
Chestnut Road,
Chestnut Square,
Chestnut Street,
Chestnut Terrace,
Cheverus Avenue,
Cheverus Road,
Chickatawbut Street,
Chilcott Place,
Child Street,
Chilton Road,
Chinese Garden Path,
Chipman Street,
Chisholm Lane,
Chisholm Road,
Chisholm Terrace,
Chiswick Road,
Chiswick Terrace,
Chittick Road,
Choice Way,
Christopher Street,
Christy Lane,
Church Avenue,
Church Court,
Church Street,
Churchill Road,
Circuit Square,
Circuit Street,
City Hall Avenue,
City Point Court,
City Point Terminal Busway,
City Square,
City View Road,
Clancy Road,
Clapp Street,
Clare Avenue,
Claremont Park,
Claremont Street,
Clarence Street,
Clarendon Park,
Clarendon Street,
Claridge Terrace,
Clark Street,
Clarken Court,
Clarkson Street,
Clarkwood Street,
Claron Street,
Claxton Street,
Clay Street,
Claybourne Street,
Claymont Terrace,
Claymoss Road,
Clayton Street,
Clearwater Drive,
Clearwater Road,
Clearway Street,
Cleaves Street,
Clematis Street,
Clement Avenue,
Clementine Park,
Clermont Street,
Cleveland Circle,
Cleveland Park,
Cleveland Place,
Cleveland Street,
Clevemont Avenue,
Cliffmont Street,
Clifford Street,
Clifton Street,
Cliftondale Street,
Clinton Place,
Clinton Street,
Clipper Ship Lane,
Clive Street,
Clover Street,
Cobden Street,
Cocoanut Grove Lane,
Codfish Way,
Codman Hill Avenue,
Codman Park,
Codman Street,
Coffey Street,
Cohasset Street,
Colberg Avenue,
Colbert Street,
Colborne Path,
Colborne Road,
Colburn Street,
Colby Road,
Colchester Street,
Colebrook Street,
Coleman Street,
Colerain Street,
Coleridge Street,
Coleus Park,
Colgate Road,
College Avenue,
Collins Street,
Colliston Road,
Colonel Michael J. McDonough Way,
Colonial Avenue,
Colorado Street,
Columbia Road,
Columbia Terrace,
Columbia Terrace Turn Lane,
Columbus Ave @ Bray St,
Columbus Ave @ Dimock St,
Columbus Ave @ Walnut Ave,
Columbus Ave @ Weld Ave,
Columbus Ave opp Bray St,
Columbus Ave opp Weld Ave,
Columbus Avenue,
Columbus Square,
Colwell Avenue,
Comet Place,
Commercial Court,
Commercial Street,
Commercial Wharf,
Commercial Wharf East,
Commercial Wharf West,
Commissioners Landing,
Commodore Terrace,
Common Street,
Commonwealth Avenue,
Commonwealth Avenue Frontage Road,
Commonwealth Avenue Frontage Road Wb,
Commonwealth Court,
Commonwealth Terrace,
Como Road,
Concord Avenue,
Concord Square,
Concord Street,
Condor Street,
Congregation Sons of Abraham Cemetery,
Congress Street,
Congreve Street,
Conifer Path,
Coniston Road,
Conley Street,
Connect Historic Boston Bicycle Trail,
Conrad Street,
Conry Crescent,
Constance Road,
Constitution Beach Road,
Constitution Plaza,
Constitution Road,
Converse Street,
Conway Street,
Cook Street,
Cook Street Court,
Cookson Terrace,
Coolidge Avenue,
Coolidge Road,
Cooper Street,
Copeland Park,
Copeland Place,
Copeland Street,
Copenger Street,
Copley Bridge,
Copley Street,
Copp's Hill Terrace,
Coppersmith Way,
Coral Place,
Corbet Street,
Corcoran Drive,
Cordis Street,
Cordis Street Avenue,
Corey Road,
Corey Street,
Corey Terrace,
Corinne Road,
Corinth Street,
Corman Road,
Cornauba Street,
Cornauba Street Extension,
Cornelia Court,
Cornell Street,
Cornhill,
Cornwall Street,
Corona Street,
Coronado Road,
Cortes Street,
Corwin Street,
Costello Circle,
Cottage Court,
Cottage Place,
Cottage Road,
Cottage Street,
Cotton Street,
Cottrell Street,
Cotuit Street,
Countryside Drive,
Court Square,
Court Street,
Courthouse Way,
Courtland Road,
Courtney Road,
Coventry Street,
Covington Street,
Cowing Street,
Cowper Street,
Crab Alley,
Craddock Street,
Craft Place,
Craftsman Street,
Craftson Way,
Cragmere Terrace,
Crandall Street,
Crane Street,
Cranmore Road,
Cranston Street,
Crawford Street,
Crawford Street Memorial Park,
Creek Square,
Crehore Road,
Creighton Street,
Crescent Avenue,
Crescent Street,
Crest Street,
Cresthill Road,
Creston Park,
Creston Street,
Crestview Road,
Crestway Road,
Crestwood Park,
Cricket Lane,
Crispus Attucks Place,
Crockers Lane,
Crockett Avenue,
Croftland Avenue,
Cromwell Road,
Cross Road,
Cross Street,
Crossland Place,
Crossman Street,
Crossover Street,
Crosstown Avenue,
Crowell Street,
Crowley-Rogers Way,
Crown Point Drive,
Crown Street,
Crowninshield Road,
Croydon Street,
Crystal Place,
Cufflin Street,
Culbert Street,
Cumberland Street,
Cummings Road,
Cummings Street,
Cummington Mall,
Cummins Highway,
Cumston Place,
Cumston Street,
Cunard Street,
Cunard Way,
Cunningham Street,
Curlew Street,
Curley Street,
Currier Street,
Curtis Street,
Cushing Avenue,
Cushman Road,
Custer Street,
Custom House Street,
Custom Tailors Cemetery,
Cuthbert Road,
Cutler Court,
Cutter Road,
Cygnet Street,
Cypher Street,
Cypress Road,
Cypress Street,
Cypress Terrace,
D Street,
Dabney Street,
Dacia Street,
Dacy Street,
Dade Street,
Dakota Street,
Dakota Terrace,
Dale Street,
Dalessio Court,
Dalin Place,
Dalkeith Street,
Dalrymple Street,
Dalton Street,
Daly Street,
Damon Place,
Damon Street,
Damrell Street,
Dana Avenue,
Dana Road,
Danbury Road,
Dane Street,
Danforth Place,
Danforth Street,
Dania Street,
Dania Terrace,
Daniel Court,
Danny Road,
Danube Street,
Danville Street,
Darling Street,
Darlington Street,
Dartmouth Place,
Dartmouth Street,
Dartmouth Street Landing,
Davenport Street,
Davern Avenue,
David G. Mugar Way,
David Ortiz Drive,
David Road,
David Vicum Cholim Cemetery,
Davidson Avenue,
Davis Court,
Davison Street,
Davitt Street,
Dawes Street,
Dawes Terrace,
Dawson Street,
Day Square,
Day Street,
Dayton Street,
De Soto Road,
DeWitt Drive,
Deacon Street,
Deaconess Road,
Deady's Lane,
Dean Street,
Dean Way,
Dearborn Street,
Deblois Street,
Decatur Street,
Deckard Street,
Dedham Boulevard,
Dedham Parish Road,
Dedham Parkway,
Dedham Street,
Deer Island Parkway,
Deer Island Road,
Deer Street,
Deerfield Street,
Deering Road,
Deforest Street,
Degautier Way,
Delano Court,
Delano Park,
Delano Street,
Delany Circle,
Delaware Place,
Delford Street,
Delhi Street,
Dell Avenue,
Dell Terrace,
Delle Avenue,
Dellmore Road,
Delmont Street,
Delnore Place,
Delore Circle,
Delos Street,
Denby Road,
Dennis Street,
Dennison Street,
Denny Street,
Dent Street,
Denton Terrace,
Denvir Street,
Derne Street,
Deroma Road,
Derry Road,
Design Center Place,
Desmond Road,
Destefano Road,
Devens Street,
Dever Street,
Devon Street,
Devonshire Place,
Devonshire Street,
Dewar Street,
Dewey Street,
Dewey Terrace,
Dewolf Street,
Dexter Row,
Dexter Street,
Dickens Street,
Dickinson Road,
Dietz Court,
Dietz Road,
Dighton Street,
Dimock Street,
Dingley Place,
District Avenue,
Ditmus Court,
Ditson Street,
Dix Street,
Dixfield Street,
Dixwell Street,
Doctor Mary Moore Beatty Circle,
Dodge Road,
Dolans Court,
Dolphin Way,
Don Street,
Donald Road,
Doncaster Street,
Donna Terrace,
Donnybrook Road,
Donwood Terrace,
Doone Avenue,
Dorchester Avenue,
Dorchester Street,
Doris Street,
Dorr Street,
Dorrance Street,
Dorset Street,
Douglas Street,
Douglass Park,
Dove Court,
Dove Street,
Dow Road,
Downer Avenue,
Downer Court,
Downey Court,
Downing Street,
Downtown Crossing (Forest Hills),
Downtown Crossing (Oak Grove),
Dr. Paul Dudley White Path,
Dracut Street,
Drake Place,
Draper Road,
Draper Street,
Drapers Lane,
Drayton Avenue,
Dresden Street,
Dresser Street,
Driftwood Road,
Driscoll Drive,
Dromey Street,
Druid Street,
Drumlin Road,
Drummond Street,
Drury Road,
Drydock Avenue,
Dubois Street,
Duck Pond Trail,
Dudley Place,
Dudley Street,
Dudley Terrace,
Duke Street,
Dumas Street,
Dunbar Avenue,
Dunboy Street,
Duncan Place,
Duncan Street,
Duncan Terrace,
Duncklee Street,
Dunford Street,
Dungarven Road,
Dunkeld Street,
Dunlap Street,
Dunmore Street,
Dunn Street,
Dunn Terrace,
Dunning Way,
Dunreath Street,
Dunstable Street,
Dunster Road,
Dunwell Street,
Durant Street,
Durham Street,
Durland Street,
Durnell Avenue,
Dustin Street,
Duval Street,
Duxbury Road,
Dwight Street,
Dwinell Street,
Dyer Avenue,
Dyer Court,
Dyer Street,
E Street,
E1 Jetway,
E10 Jetway,
E11 Jetway,
E12 Jetway,
E13 Jetway,
E14 Jetway,
E15 Jetway,
E16 Jetway,
E1A Stairs,
E2 Jetway,
E3 Jetway,
E4 Jetway,
E5 Jetway,
E6 Jetway,
E7 Jetway,
E8 Jetway,
E8A Stairs,
E9 Jetway,
Eagle Square,
Eagle Street,
Earl Street,
Earnshaw Street,
East Berkeley Street,
East Boston Expressway,
East Boston Greenway Connector,
East Broadway,
East Brookline Street,
East Canton Street,
East Concord Street,
East Cottage Street,
East Dedham Street,
East Drive,
East Eagle Street,
East Eighth Street,
East Fifth Street,
East First Street,
East Fourth Street,
East India Row,
East Lenox Street,
East Main Street,
East Newton Street,
East Ninth Street,
East Pier Drive,
East Second Street,
East Seventh Street,
East Sixth Street,
East Springfield Street,
East Stoughton Street,
East Street,
East Street Place,
East Third Street,
East West Trail,
Eastbound Platform (Tracks 3 & 4),
Eastbourne Street,
Eastburn Place,
Eastburn Street,
Eastern Avenue,
Eastern Path,
Eastland Road,
Eastman Street,
Eastmont Road,
Easton Avenue,
Easton Street,
Eastwood Circuit,
Eastwood Place,
Eatonia Street,
Eden Street,
Edge Hill Street,
Edgebrook Road,
Edgemere Road,
Edgemont Street,
Edgerly Place,
Edgerly Road,
Edgewater Drive,
Edgewood Street,
Edgeworth Street,
Edinboro Street,
Edison Green,
Edith Street,
Edmond Roadway,
Edna Road,
Edson Street,
Edson Street Connector,
Edson Terrace,
Edwardson Street,
Edwin Street,
Egan Way,
Egleston Street,
Egremont Road,
Egret Way,
Eighth Street,
Eileen Circle,
Elba Terrace,
Elbert Street,
Elbow Street,
Elder Street,
Eldon Street,
Eldora Street,
Eldridge Road,
Eleanor Street,
Electric Avenue,
Elene Street,
Elgin Street,
Eliot Place,
Eliot Street,
Eliot Terrace,
Elizabeth Street,
Elkins Street,
Elko Street,
Ellard Road,
Ellery Street,
Ellet Street,
Ellington Street,
Ellingwood Street,
Ellis Street,
Ellison Avenue,
Ellswood Street,
Ellsworth Street,
Ellwood Street,
Elm Avenue,
Elm Hill Avenue,
Elm Hill Park,
Elm Lawn,
Elm Street,
Elm street,
Elmdale Street,
Elmer Road,
Elmhurst Street,
Elmira Street,
Elmont Street,
Elmore Street,
Elmwood Street,
Elton Street,
Elven Road,
Elwell Road,
Elwyn Road,
Ely Road,
Embassy Road,
Emelia Terrace,
Emerald Court,
Emerson Place,
Emerson Street,
Emery Road,
Emmet Place,
Emmet Street,
Emmett Street,
Emmons Street,
Emmonsdale Road,
Empire Street,
Emrose Terrace,
Endicott Court,
Endicott Street,
Endicott Terrace,
Enfield Street,
Englewood Avenue,
Enneking Parkway,
Enneking Parkway Branch,
Ennis Road,
Enterprise Street,
Entrance Avenue,
Epping Street,
Eric Road,
Ericsson Street,
Erie Place,
Erie Street,
Ernest Avenue,
Ernst Street,
Errol Street,
Esmond Street,
Essex Street,
Estabrook Road,
Estella Street,
Estes Avenue,
Estey Street,
Esther Road,
Estrella Street,
Ethel Street,
Etna Street,
Euclid Street,
Eugene Circle,
Eugenia Road,
Eulita Terrace,
Eunice Street,
Eustis Street,
Euston Road,
Eutaw Street,
Evandale Terrace,
Evans Road,
Evans Street,
Evans Way,
Evelyn Street,
Everdean Street,
Everett Avenue,
Everett Court,
Everett Place,
Everett Square,
Everett Street,
Evergreen Avenue,
Evergreen Street,
Everton Street,
Ewer Street,
Exchange Place,
Exeter Street,
F Street,
FID Kennedy Avenue,
Fabyan Street,
Factory Street,
Fairbanks Street,
Fairbury Street,
Fairfax Street,
Fairfield Place,
Fairfield Street,
Fairland Street,
Fairlane Road,
Fairlawn Avenue,
Fairmount Avenue,
Fairmount Court,
Fairmount Street,
Fairview Avenue,
Fairview Street,
Fairway Street,
Faith Hill,
Falcon Lane,
Falcon Street,
Falkland Street,
Falmouth Street,
Fan Pier Boulevard,
Faneuil Hall Square,
Faneuil Street,
Faraday Street,
Fargo Street,
Farmington Road,
Farnham Street,
Farnsworth Street,
Farquhar Street,
Farragut Road,
Farragut Street,
Farrar Avenue,
Farrin Street,
Farrington Avenue,
Farwell Avenue,
Father Francis J. Gilday Street,
Father Herlihy Drive,
Father Songin Way,
Faulkner Circle,
Faulkner Street,
Faunce Road,
Favre Street,
Fawndale Road,
Faxon Street,
Fay Street,
Fayette Street,
Fayston Street,
Faywood Avenue,
Federal Court,
Federal Street,
Fellows Street,
Fellsway Street,
Fencourt Street,
Fendale Avenue,
Fenelon Street,
Feneno Terrace,
Fenno Street,
Fensmere Road,
Fenton Street,
Fenway,
Fenway Multi-Use Path,
Fenwick Place,
Fenwood Road,
Fermoy Heights Avenue,
Fern Street,
Fernald Terrace,
Fernboro Street,
Ferncroft Road,
Ferndale Street,
Fernwood Road,
Ferrin Street,
Ferrin Way,
Fessenden Street,
Fid Kennedy Avenue,
Fidelis Way,
Field Street,
Fieldmont Street,
Fields Corner Station accessibility ramp,
Fields Corner Station main entrance,
Fields Court,
Fifield Street,
Fifth Avenue,
Fifth Street,
Filomena Road,
First Avenue,
First Street,
Firth Road,
Fish Pier Road,
Fisher Avenue,
Fiske Terrace,
Fiskes Wharf,
Flagship Way,
Flaherty Way,
Flavia Street,
Fleet Street,
Fletcher Street,
Flint Place,
Flint Street,
Floral Place,
Florence Street,
Florian Street,
Florian Way,
Florida Street,
Floyd Street,
Follen Street,
Folsom Avenue,
Folsom Street,
Foodmart Road,
Forbes Street,
Ford Street,
Fordham Road,
Forest Hills Avenue,
Forest Hills Road,
Forest Hills Station - Lower Busway,
Forest Hills Station - Lower Busway | Lane 1,
Forest Hills Station - Lower Busway | Lane 2,
Forest Hills Station - Upper Busway,
Forest Hills Station - Upper Busway | Lane 1,
Forest Hills Station - Upper Busway | Lane 2,
Forest Hills Street,
Forest Place,
Forest Street,
Forestvale Road,
Forsyth Street,
Forsyth Way,
Fort Avenue,
Fort Avenue Terrace,
Fort Hill Square,
Fossdale Road,
Foster Court,
Foster Street,
Foster Terrace,
Fottler Road,
Foundry Street,
Fountain Place,
Fountain Street,
Fourth Avenue,
Fourth Street Place,
Fowle Street,
Fowler Street,
Fox Point Road,
Fox Street,
Frances J Murray Way,
Francesca Street,
Francis Street,
Franclaire Drive,
Franconia Street,
Frankfort Street,
Franklin Avenue,
Franklin Hill Avenue,
Franklin Hill Bike Patch connector,
Franklin Park Road,
Franklin Park Service Road,
Franklin Place,
Franklin Street,
Franklin Terrace,
Frawley Street,
Frazer Street,
Frederick Street,
Frederika Street,
Freedom Trail,
Freeland Street,
Freeman Avenue,
Freeman Place,
Freeman Street,
Freeport Street,
Freeport Way,
Fremont Street,
French Street,
French Terrace,
Fresno Street,
Friend Street,
Friendship Road,
Frontage Road,
Frontage Road Northbound,
Frontage Road Southbound,
Frontenac Street,
Frost Avenue,
Fruean Place,
Fruit Street,
Fulda Street,
Fuller Street,
Fullerton Street,
Fulton Street,
Furbush Road,
Furnival Road,
G Street,
Gage Street,
Gainsborough Street,
Gallivan Boulevard,
Galty Avenue,
Gannett Street,
Garden Court Street,
Garden Street,
Gardena Street,
Gardenside Street,
Gardner Place,
Gardner Street,
Gardner Terrace,
Garfield Avenue,
Garner Road,
Garnet Road,
Garrison Street,
Garth Road,
Gartland Street,
Gaston Street,
Gate House Road,
Gates Street,
Gavin Way,
Gay Head Street,
Gayland Street,
Gaylord Street,
Gem Avenue,
Gene Street,
General Douglas MacArthur Mall,
General Jozef Pilsudski Way,
General William H Devine Way,
General William H. Devine Way,
Geneva Avenue,
Geneva Street,
George R. Visconti Road,
George Street,
Georgetowne Drive,
Georgetowne Place,
Georgia Street,
Geraghty Terrace,
Gerald Road,
Gerard Street,
Germania Street,
Gerrish Street,
Gerry Road,
Gertrude Road,
Gibson Street,
Gifford Place,
Gillespies Lane,
Gillette Park,
Gilman Street,
Gilmer Street,
Gilmore Terrace,
Ginita Street,
Glade Avenue,
Gladeside Avenue,
Gladeside Terrace,
Gladstone Street,
Gleason Street,
Glen Lane,
Glen Road,
Glen Street,
Glenarm Street,
Glenburne Street,
Glenburnie Road,
Glencliff Road,
Glencoe Street,
Glendale Street,
Glendon Place,
Glendon Street,
Glendower Road,
Glenellen Road,
Glenham Street,
Glenhaven Road,
Glenhill Road,
Glenley Terrace,
Glenmont Road,
Glenmore Street,
Glenrose Road,
Glenside Avenue,
Glenvale Terrace,
Glenville Avenue,
Glenville Terrace,
Glenway Street,
Glenwood Avenue,
Glide Street,
Glines Avenue,
Gloria Road,
Gloucester Street,
Gloucester Street Landing,
Glover Court,
Glover Place,
Goddard Street,
Goethe Place,
Goethe Street,
Goff Street,
Gold Star Street,
Gold Street,
Goldsmith Place,
Goldsmith Street,
Goodale Road,
Goodenough Street,
Goodrich Road,
Goodridge Alley,
Goodway Road,
Goodwin Court,
Goodwin Place,
Gordon Avenue,
Gordon Place,
Gordon Street,
Gore Street,
Gorham Street,
Gould Street,
Gouldville Terrace,
Gove Street,
Grace Court,
Grace Street,
Grafton Street,
Graham Court,
Graham Terrace,
Grampian Way,
Granada Avenue,
Granada Park,
Granby Street,
Grandee Street,
Grandview Street,
Granfield Avenue,
Granger Street,
Granite Avenue,
Grant Place,
Grant Road,
Grant Street,
Grantley Street,
Grants Court,
Granville Street,
Grassmere Road,
Gravel Lane,
Gray Street,
Grayfield Avenue,
Grayson Street,
Greaton Road,
Green Hill Street,
Green Street,
Greenbaum Street,
Greenbrier Street,
Greenbrook Road,
Greendale Road,
Greenfield Road,
Greenhalge Street,
Greenheys Street,
Greenleaf Street,
Greenley Place,
Greenmount Street,
Greenock Street,
Greenough Avenue,
Greenough Lane,
Greenough Park,
Greenview Avenue,
Greenville Park,
Greenville Street,
Greenwich Court,
Greenwich Park,
Greenwich Street,
Greenwood Avenue,
Greenwood Circle,
Greenwood Park,
Greenwood Square,
Greenwood Street,
Gretter Road,
Grew Avenue,
Grew Hill Road,
Greycliff Road,
Greylock Road,
Greymere Road,
Gridley Street,
Griggs Place,
Griggs Street,
Grimes Street,
Groom Street,
Grotto Glen Road,
Grouse Street,
Grove Square,
Grove Street,
Grove Terrace,
Groveland Street,
Grovenor Road,
Grover Avenue,
Guernsey Street,
Guest Street,
Guild Row,
Guild Steps,
Guild Street,
Guilford Street,
Gurney Street,
Gustin Street,
Gwinnett Street,
H Street,
H Street Place,
Hackensack Circle,
Hackensack Court,
Hackensack Road,
Hackensack Terrace,
Hadassah Way,
Hadley Street,
Hadwin Way,
Haffenreffer Walk,
Hagar Street,
Hague Street,
Halborn Street,
Hale Street,
Haley Street,
Half Moon Street,
Half Pint Way,
Halford Road,
Halifax Street,
Hall Place,
Hall Street,
Hallam Street,
Halleck Street,
Hallenborg Way,
Hallet Street,
Hallet-Davis Street,
Halliday Street,
Hallowell Street,
Hallron Street,
Halsey Road,
Hamilton Place,
Hamilton Street,
Hamlet Street,
Hamlin Street,
Hammond Street,
Hampden Street,
Hampstead Footway,
Hampstead Lane,
Hampstead Road,
Hancock Steps,
Hancock Street,
Hannon Street,
Hano Street,
Hanover Avenue,
Hanover Street,
Hansborough Street,
Hansford Place,
Hanson Street,
Harbell Terrace,
Harbor Crest Court,
Harbor Point Boulevard,
Harbor Shore Drive,
Harbor Street,
Harbor View Street,
Harbor Walk,
Harbor Walk North End,
Harbor Way,
Harborside Drive,
Harborview Lane,
Harborwalk,
Harcourt Street,
Harding Road,
Hardwick Street,
Hardwick Terrace,
Hardy Street,
Harlem Place,
Harlem Street,
Harleston Street,
Harley Street,
Harlow Street,
Harmon Street,
Harmony Street,
Harold Park,
Harold Street,
Harriet Street,
Harrington Avenue,
Harris Avenue,
Harris Street,
Harrishof Street,
Harrison Archways,
Harrison Avenue,
Harrison Avenue Extension,
Harrison Street,
Harrow Street,
Harry Agganis Way,
Hart Place,
Hartford Court,
Hartford Street,
Hartford Terrace,
Hartland Street,
Hartlawn Road,
Hartley Terrace,
Hartwell Street,
Harvard Avenue,
Harvard Park,
Harvard Place,
Harvard Square,
Harvard Street,
Harvard Terrace,
Harvard Way,
Harvest River Bridge,
Harvest Street,
Harvest Terrace,
Harvester Street,
Harwood Street,
Haskell Street,
Haslet Street,
Hastings Street,
Hatch Street,
Hathaway Street,
Hatherly Road,
Hathon Square,
Haul Road,
Hautevale Street,
Havana Street,
Havelock Street,
Haven Street,
Haverford Street,
Haverhill Street,
Havey Street,
Haviland Street,
Havre Street,
Hawes Street,
Hawkins Street,
Hawley Place,
Hawley Street,
Hawthorne Place,
Hawthorne Street,
Hawthorne Terrace,
Hayden Street,
Haydn Street,
Hayes Road,
Haynes Street,
Hayward Place,
Hazelmere Road,
Hazelwood Court,
Hazelwood Street,
Hazleton Street,
Head Place,
Heath Street,
Heath Street Rotary,
Heathcote Street,
Hebrew Rehab Center Cemetery,
Hebrew Volin Cemetery,
Hebron Street,
Hecla Street,
Heldun Street,
Helen Street,
Helena Road,
Hemenway Street,
Hemenway Terrace,
Hemlock Avenue,
Hemlock Hill Road,
Hemlock Hill Trail,
Hemlock Road,
Hemman Street,
Henchman Street,
Henderson Avenue,
Henderson Road,
Hendry Street,
Henley Street,
Henrici Street,
Henry Selvitella Overpass,
Henry Sterling Square,
Henry Street,
Henshaw Street,
Henshaw Terrace,
Herald Street,
Herbert Street,
Herbertson Road,
Hereford Street,
Herman Street,
Heron Street,
Herrick Street,
Hesston Terrace,
Hester Street,
Hestia Park,
Hewes Street,
Hewins Street,
Hewlett Street,
Hiawatha Road,
Hichborn Street,
Hickory Lane,
Hidden Terrace,
Higgins Street,
High Road,
High Rock Way,
High Street,
High View Avenue,
Highcrest Road,
Highcrest Terrace,
Highfield Road,
Highfield Terrace,
Highgate Street,
Highland Avenue,
Highland Park Avenue,
Highland Park Street,
Highland Road,
Highland Street,
Hilary Street,
Hilburn Place,
Hilburn Street,
Hildreth Street,
Hill Street,
Hill Top Street,
Hillcrest Street,
Hillcroft Road,
Hillis Road,
Hillock Street,
Hillsboro Road,
Hillsboro Street,
Hillsdale Street,
Hillside Avenue,
Hillside Street,
Hillview Avenue,
Hilton Street,
Hilton Terrace,
Hinckley Street,
Hinsdale Mall,
Hobart Street,
Hobson Street,
Hodgdon Terrace,
Hoffman Street,
Holborn Park,
Holborn Street,
Holbrook Avenue,
Holbrook Street,
Holden Court,
Holden Right of Way,
Holden Street,
Holiday Street,
Hollander Street,
Hollingsworth Street,
Hollis Place,
Holly Road,
Hollywood Road,
Holman Street,
Holmes Street,
Holmfield Avenue,
Holton Street,
Holtzer Street,
Holworthy Street,
Holyoke Street,
Homer Street,
Homes Avenue,
Homestead Street,
Homewood Road,
Hommagen Court,
Hood Park Drive,
Hooker Street,
Hooper Street,
Hooten Court,
Hopedale Street,
Hopestill Street,
Hopewell Road,
Hopkins Place,
Hopkins Road,
Hopkins Street,
Horace Street,
Horadan Way,
Horan Way,
Hosmer Street,
Hotel Drive,
Houghton Street,
Houston Street,
Howard Avenue,
Howard Place,
Howard Street,
Howe Street,
Howe Terrace,
Howell Street,
Howes Street,
Howitt Road,
Howland Street,
Hoyt Street,
Hubbard Street,
Hubbardston Road,
Huckins Street,
Hudson Street,
Hulbert Street,
Hull Street,
Hull Street Court,
Humarock Way,
Humboldt Avenue,
Humboldt Court,
Humboldt Place,
Humes Road,
Hummingbird Lane,
Humphreys Place,
Humphreys Street,
Hunnewell Avenue,
Hunter Street,
Huntington Arcade,
Huntington Avenue,
Huntington Road,
Huntoon Street,
Hurds Lane,
Hurlcroft Avenue,
Huron Circle,
Hutchings Street,
Hutchinson Street,
Hyde Park Avenue,
Hynes Court,
I Street,
I-93 Frontage Road,
ISEC Pedestrian Bridge,
Ida Street,
Idaho Street,
Iffley Road,
Imbaro Road,
Imrie Road,
Inbound,
Independence Drive,
Independent Congregation Chevra Shas Cemetery,
Independent Pride of Boston Cemetery,
Independent Workmen's Circle Cemetery,
Independent Zviller Cemetery,
India Street,
Industrial Drive,
Ingleside Street,
Inman Street,
Interstate 93 HOV lane,
Intervale Street,
Intervale Terrace,
Inwood Street,
Iona Street,
Iowa Street,
Ipswich Place,
Ipswich Street,
Irena Road,
Irma Street,
Iron Street,
Iroquois Street,
Irving Street,
Irwin Avenue,
Isabella Street,
Island Street,
Island View Place,
Islington Street,
Islington Terrace,
Itasca Street,
Ivanhoe Street,
Ivory Street,
Ivy Lane,
JFK/UMass Busway,
Jackson Avenue,
Jackson Place,
Jackson Square Busway,
Jackson Street,
Jacob Street,
Jacqueline Road,
Jaeger Terrace,
Jamaica Place,
Jamaica Street,
Jamaicaway,
Jamaicaway Bikepath,
Jamaicaway Court,
James O'Neill Street,
James Street,
Jamestown Terrace,
Jan Karski Way,
Jarvis Place,
Jason Terrace,
Jay Street,
Jeanne Drive,
Jeffers Street,
Jefferson Avenue,
Jefferson Street,
Jeffries Street,
Jenkins Street,
Jennett Avenue,
Jerome Street,
Jersey Street,
Jerusalem Place,
Jeshurun Street,
Jess Street,
Jette Court,
Jewett Street,
Jewish War Veterans Drive,
Jimmy Fund Way,
Jo-Anne Terrace,
Joan Road,
John A. Andrew Street,
John Alden Road,
John C. Scaramella Mall,
John E. Pfeifer Way,
John F. Fitzgerald Expressway,
John F. Fitzgerald Surface Road,
John F. Kennedy Street,
Johnny Court,
Johnson Avenue,
Johnson Street,
Johnson Terrace,
Johnston Road,
Johnswood Footway,
Johnswood Road,
Jones Avenue,
Jones Hill Steps,
Jordan Road,
Joseph Agri Street,
Joseph Street,
Josephine Street,
Joslin Place,
Joy Place,
Joy Street,
Joyce Kilmer Road,
Joyce Road,
Joyce-Hayes Way,
Judge Street,
Judson Street,
Julian Street,
Juliette Street,
June Street,
Juniper Street,
Juniper Terrace,
Justin Road,
Justinian Way,
K Street,
K Street Place,
Kalada Park,
Kaminker Cemetery,
Kane Street,
Kardon Road,
Kavanaugh Way,
Keane Road,
Kearon Avenue,
Kearsarge Avenue,
Keegan Street,
Keenan Road,
Kehillath Jacob Cemetery,
Keith Street,
Kelley Court,
Kelton Street,
Kemble Place,
Kemble Street,
Kemp Street,
Kempton Street,
Kenberma Road,
Kendall Street,
Kenilworth Street,
Kenmare Road,
Kenmore Busway,
Kenmore Street,
Kennebec Street,
Kenneth Street,
Kenney Street,
Kenrick Street,
Kensington Park,
Kensington Street,
Kenton Road,
Kenwood Street,
Kerna Road,
Kerr Place,
Kerr Way,
Kershaw Road,
Kerwin Street,
Keswick Street,
Kevin Road,
Keystone Street,
Kiernan Road,
Kilby Place,
Kilby Street,
Kilmarnock Street,
Kilsyth Road,
Kilsyth Terrace,
Kimball Street,
Kineo Street,
King Street,
Kingbird Road,
Kingsboro Park,
Kingsdale Street,
Kingsland Road,
Kingsley Street,
Kingston Street,
Kinross Road,
Kirk Street,
Kirkwood Road,
Kittredge Court,
Kittredge Street,
Kittredge Terrace,
Knapp Street,
Kneeland Street,
Knight Street,
Knoll Street,
Knowles Street,
Knowlton Street,
Knox Street,
Kopaigorod Cemetery,
Koretzer Cemetery,
Kosciuszko Circle,
Kovey Court,
Kovey Road,
Kovner Cemetery,
Kresge Way,
Kristin Court,
L Street,
La Grange Place,
LaGrange Street,
Laban Pratt Road,
Lafayette Avenue,
Lafayette Mall,
Lafield Street,
Lagoon Path,
Lagrange Street,
Lake Shore Court,
Lake Shore Road,
Lake Shore Terrace,
Lake Street,
Lakeside Avenue,
Lakeville Road,
Lamartine Place,
Lamartine Street,
Lamartine Terrace,
Lambert Avenue,
Lambert Street,
Lamson Court,
Lamson Street,
Lanark Road,
Lancaster Street,
Landing Street,
Landor Road,
Landseer Street,
Landseer Terrace,
Lane Park,
Lane Place,
Lanesville Terrace,
Langdon Place,
Langdon Street,
Langdon Terrace,
Langford Park,
Langley Road,
Lansdowne Street,
Lantern Lane,
Larch Place,
Larch Street,
Larchmont Street,
Laredo Street,
Lark Drive,
Lark Street,
Larkhill Road,
Larose Place,
Lasell Street,
Lathrop Place,
Latin Road,
Lattimore Court,
Laurel Street,
Lauriat Street,
Laurie Avenue,
Lauten Place,
Laval Street,
Lawley Street,
Lawn Avenue,
Lawn Street,
Lawndale Terrace,
Lawnwood Place,
Lawrence Avenue,
Lawrence Avenue Cemetery,
Lawrence Place,
Lawrence Street,
Lawson Place,
Lawton Street,
Lawton Terrace,
Leahaven Road,
Leamington Road,
Lebanon Avenue,
Lebanon Street,
Ledge Hill Road,
Ledgebrook Road,
Ledgedale Road,
Ledgewood Road,
Lee Hill Road,
Lee Street,
Leeds Street,
Leedsville Street,
Legends Way,
Legion Place,
Leicester Street,
Leighton Road,
Leland Road,
Leland Street,
Leman Place,
Lena Terrace,
Leniston Street,
Lennoco Road,
Lennon Court,
Lenox Street,
Lenoxdale Avenue,
Leo M Birmingham Parkway,
Leon Street,
Leonard Court,
Leonard Place,
Leonard Street,
Leroy Street,
Leseur Road,
Lesher Street,
Leslie Park,
Leslie Street,
Lester Place,
Leston Street,
Letitia Way,
Letterfine Terrace,
Levant Street,
Leverett Avenue,
Leverett Saltonstall Plaza,
Lewis Place,
Lewis Street,
Lewis Wharf,
Lewiston Street,
Lexington Avenue,
Lexington Square,
Lexington Street,
Leyden Street,
Leyland Street,
Libbey Street,
Liberty Drive,
Liberty Mall,
Liberty Place,
Liberty Square,
Liberty Tree Plaza,
Lieutenant Edward J. Murray Memorial Circle,
Lieutenant Pamela Donovan Road,
Life Street,
Lila Road,
Lilac Terrace,
Lillian Street,
Lillie Way,
Lilly Street,
Lime Street,
Lincoln Place,
Lincoln Street,
Lincoln Street Connector,
Linda Lane,
Lindall Place,
Lindall Street,
Linden Avenue,
Linden Court,
Linden Path,
Linden Road,
Linden Street,
Lindsey Street,
Lingard Street,
Linley Terrace,
Linnet Street,
Linskey-Barry Court,
Linvale Terrace,
Linwood Square,
Linwood Street,
Lisbon Street,
List Place,
Liszt Street,
Litchfield Street,
Lithgow Street,
Littledale Street,
Livermore Street,
Liverpool Street,
Livingstone Street,
Lochdale Road,
Lochland Road,
Lochstead Avenue,
Locke Place,
Locksley Street,
Lockwood Street,
Locust Street,
Lodgehill Road,
Logan Memorial Way,
Logan Street,
Logan Way,
Lomasney Way,
Lombard Place,
Lombard Street,
London Court,
London Street,
Long Avenue,
Long Island Road,
Long Path,
Long Terrace,
Long Wharf,
Longfellow Bridge,
Longfellow Place,
Longfellow Street,
Longmeadow Street,
Longwood Avenue,
Lonsdale Street,
Lord Rothschild Cemetery,
Lord and Lady's Way,
Lorenzo Street,
Lorette Street,
Loring Place,
Loring Street,
Lorna Road,
Lorne Street,
Lorraine Street,
Lorraine Terrace,
Lost Emerald Necklace,
Lothian Road,
Lothrop Street,
Lotus Street,
Louder's Lane,
Louis D Brown Way,
Louis Prang Street,
Louis Terrace,
Louisburg Square,
Lourdes Avenue,
Lovejoy Place,
Lovejoy Wharf,
Lovell Street,
Lovis Street,
Lowell Court,
Lowland Place,
Lowney Way,
Loyola Circle,
Lubec Street,
Lucas Devine Pathway,
Lucerne Street,
Lucy Street,
Ludlow Street,
Lyall Street,
Lyall Terrace,
Lyford Street,
Lyman Path,
Lynde Street,
Lyndeboro Place,
Lyndeboro Street,
Lyndhurst Street,
Lyne Road,
Lynn Street,
Lynnville Terrace,
Lyon Street,
M Avenue,
M Street,
M Street Place,
MacDonald Street,
Mackin Street,
Macneil Way,
Macullar Road,
Madeline Street,
Madison Park Court,
Madison Street,
Maffa Way,
Magazine Street,
Magdala Street,
Magee Street,
Magnolia Place,
Magnolia Square,
Magnolia Street,
Mahler Road,
Maida Terrace,
Main Plaza,
Main Street,
Maitland Street,
Major Michael J. O'Connor Way,
Malbert Road,
Malcolm Road,
Malcolm X Boulevard,
Malden Street,
Malia Terrace,
Mallard Avenue,
Mallet Street,
Mallon Road,
Malta Street,
Malvern Street,
Malverna Road,
Mamelon Circle,
Manchester Street,
Manila Avenue,
Manion Road,
Manley Street,
Mann Street,
Manning Street,
Manor Street,
Mansen Court,
Mansfield Street,
Mansur Street,
Manthorne Road,
Manton Terrace,
Mapes Street,
Maple Avenue,
Maple Court,
Maple Lane,
Maple Leaf Drive,
Maple Place,
Maple Road,
Maple Street,
Maple Terrace,
Mapleton Street,
Maplewood Street,
Marbury Terrace,
Marcella Street,
March Avenue,
March Terrace,
March Way,
Marcy Road,
Marden Avenue,
Margaret Street,
Margaretta Drive,
Margin Street,
Marginal Road,
Marginal Street,
Margo Road,
Maria Lane,
Marie Street,
Marina Park Drive,
Marine Road,
Marion Court,
Marion Place,
Marion Street,
Mariposa Street,
Mark Street,
Market Street,
Marksdale Street,
Marlborough Street,
Marlin Road,
Marlin Way,
Marlou Terrace,
Marlow Terrace,
Marlowe Street,
Marmion Street,
Marsh Lane,
Marsh Plaza,
Marsh Street,
Marshall Block,
Marshall Place,
Marshall Street,
Marshfield Street,
Marston Street,
Martha Road,
Martin A. Coughlin Bypass Road,
Martin Luther King Jr Boulevard,
Martin Street,
Martinwood Road,
Marvin Street,
Mary Anna Road,
Mary Boyle Way,
Maryknoll Street,
Maryknoll Terrace,
Maryland Street,
Mascoma Street,
Mascot Street,
Mason Court,
Mason Street,
Massachusetts Avenue,
Massachusetts Avenue Connector,
Massachusetts Turnpike,
Massasoit Street,
Matchett Street,
Mather Court,
Mather Street,
Matignon Road,
Mattakeeset Street,
Mattapan - North Busway,
Mattapan - South Busway,
Mattapan North Busway,
Mattapan South Busway,
Mattapan Street,
Matthew Street,
Matthews Street,
Maverick Square,
Maverick Street,
Maxfield Street,
Maxwell Street,
May Street,
Maybrook Street,
Maybury Street,
Mayfair Street,
Mayfield Street,
Mayhew Street,
Maynard Street,
Mayor's Walk,
Maywood Street,
Maywood Terrace,
McBride Street,
McClellan Highway,
McCraw Street,
McDonald Avenue,
McDonough Court,
McGreevey Way,
McKay Place,
McKenna Terrace,
McKinley Square,
McKone Street,
McLellan Street,
McNulty Court,
Mead Street,
Mead Street Court,
Meadow Lane,
Meadow Road,
Meadowbank Avenue,
Meadowview Road,
Mechanic Street,
Medallion Avenue,
Medfield Street,
Medford Street,
Medway Street,
Meehan Place,
Meehan Street,
Melba Way,
Melbourne Street,
Melcher Street,
Mellen Street,
Melnea Cass Boulevard,
Melrose Street,
Melton Road,
Melville Avenue,
Melville Lane,
Melvin Avenue,
Melvinside Terrace,
Mendell Way,
Mendelssohn Street,
Mendum Street,
Menlo Street,
Menton Street,
Mercantile Street,
Mercedes View,
Mercer Street,
Merchants Row,
Mercier Avenue,
Meredith Street,
Meridian Place,
Meridian Street,
Merlin Street,
Merola Park,
Merriam Street,
Merrill Street,
Merrimac Street,
Merrit Street,
Merton Place,
Meshaka Street,
Messinger Street,
Metcalf Court,
Metcalf Street,
Metropolitan Avenue,
Metropolitan Circle,
Meyer Court,
Meyer Street,
Miami Avenue,
Miami Terrace,
Michael Road,
Michelangelo Street,
Michigan Avenue,
Middle Street,
Middlesex Street,
Middleton Street,
Midland Street,
Midvale Road,
Mildred Avenue,
Miles Street,
Milford Street,
Milk Street,
Mill Street,
Miller Park,
Miller's River Littoral Way,
Millers Lane,
Millet Street,
Millmont Street,
Mills Street,
Millstone Road,
Milton Avenue,
Milton Place,
Milton Street,
Milton Terrace,
Milwood Street,
Milwood Terrace,
Minden Street,
Mindoro Street,
Miner Street,
Minnie Court,
Minot Park,
Minot Street,
Minton Street,
Mishawum Street,
Mission Park Drive,
Mission Street,
Mitchell Street,
Mohawk Street,
Mohliver Cemetery,
Moloney Street,
Monadnock Street,
Monastery Path,
Monastery Road,
Monastery road,
Monks Street,
Monmouth Street,
Monponset Street,
Monsignor Albert A Jacobbe Road,
Monsignor Patrick J. Lydon Way,
Monsignor Reynolds Way,
Monsignor Shea Road,
Monson Street,
Montague Street,
Montana Street,
Montcalm Avenue,
Montclair Avenue,
Montebello Road,
Montello Street,
Monterey Avenue,
Montfern Avenue,
Montgomery Street,
Montmorenci Avenue,
Montrose Street,
Montvale Street,
Montview Street,
Monument Avenue,
Monument Court,
Monument Square,
Monument Street,
Moody Street,
Moon Street,
Moore Street,
Mora Street,
Moraine Street,
Moreland Street,
Morey Road,
Morgan Way,
Morley Street,
Morrell Street,
Morrill Street,
Morris Street,
Morrow Road,
Morse Street,
Morton Place,
Morton Street,
Morton Village Drive,
Moseley Street,
Mosgrove Avenue,
Moss Bank Footway,
Moss Hill Road,
Mossdale Road,
Mother Julia Road,
Mothers' Walk,
Moulton Street,
Moulton Way,
Moultrie Street,
Mount Ash Road,
Mount Bowdoin Green,
Mount Bowdoin Terrace,
Mount Calvary Avenue,
Mount Calvary Road,
Mount Caramel Avenue,
Mount Cushing Terrace,
Mount Everett Street,
Mount Hood Road,
Mount Hope Street,
Mount Ida Road,
Mount Olivet Circle,
Mount Pleasant Avenue,
Mount Pleasant Place,
Mount Pleasant Street,
Mount Pleasant Terrace,
Mount Vernon Avenue,
Mount Vernon Place,
Mount Vernon Square,
Mount Vernon Street,
Mount Washington Avenue,
Mount Washington Place,
Mount Washington Way,
Mountain Avenue,
Mountfair Terrace,
Mountfort Street,
Moville Street,
Mozart Street,
Muddy River Bikepath,
Mulch Path,
Mulvey Street,
Mulvey Terrace,
Munroe Street,
Munson Street,
Murdock Street,
Murdock Terrace,
Murphy Court,
Murray Avenue,
Murray Court,
Murray Hill Road,
Murray Road,
Museum Road,
Museum of Science Driveway,
Music Hall Place,
Myles Standish Road,
Myopia Road,
Myrick Street,
Myrtle Street,
Myrtlebank Avenue,
Mystic Avenue,
Mystic Place,
Mystic Street,
N Street,
Nahant Avenue,
Nancia Street,
Nantasket Avenue,
Napa Street,
Napier Park,
Naples Road,
Narragansett Street,
Nashua Street,
Nassau Street,
National Street,
Navarre Place,
Navarre Street,
Navillus Terrace,
Nay Street,
Nazing Court,
Nazing Street,
Neal Court,
Nearen Right of Way,
Necco Court,
Necco Place,
Necco Street,
Needham Road,
Neillian Crescent,
Nelson Street,
Neponset Avenue,
Neponset Court,
Neponset Field Lane,
Neponset River Greenway,
Neponset Valley Parkway,
Neptune Circle,
Neptune Court,
Neptune Road,
Nessel Way,
Netherlands Road,
Nevada Street,
Nevins Street,
New Acre Road,
New Balance Way,
New Bedford Street,
New Cedar Street,
New Chardon Street,
New Cypher Street,
New England Avenue,
New Haven Street,
New Heath Street,
New Minton Street,
New Palestine Cemetery,
New Park Avenue,
New Rutherford Avenue,
New Street,
New Sudbury Street,
New Whitney Street,
Newark Street,
Newbern Street,
Newburg Street,
Newbury Arcade,
Newbury Street,
Newbury Street Extension,
Newcastle Court,
Newcastle Road,
Newcastle Street,
Newcomb Street,
Newcroft Circle,
Newfield Street,
Newhall Place,
Newhall Street,
Newhill Place,
Newkirk Street,
Newland Place,
Newland Street,
Newmarket Square,
Newport Street,
Newsome Park,
Newton Street,
Nightingale Street,
Nikisch Avenue,
Niles Street,
Ninth Street,
Nira Avenue,
Nixon Street,
Noah Street,
Noble Court,
Nonantum Road,
Nonantum Street,
Nonquit Street,
Norcross Place,
Norfolk Avenue,
Norfolk Street,
Norfolk Terrace,
Normandy Street,
Norris Road,
North Avenue,
North Beacon Street,
North Bennet Court,
North Bennet Place,
North Bennet Street,
North Charlame Court,
North Charlame Terrace,
North Crescent Circuit,
North Grove Street,
North Harvard Street,
North Hudson Street,
North Margin Street,
North Market Street,
North Mead Street,
North Mead Street Court,
North Munroe Terrace,
North Point Drive,
North Quincy Place,
North Square,
North Street,
North Washington Street,
Northampton Street,
Northbound Platform (Track 6),
Northbourne Road,
Northdale Road,
Northdale Terrace,
Northern Avenue,
Norton Street,
Norway Park,
Norway Street,
Norwell Street,
Norwood Street,
Notre Dame Street,
Nott Street,
Nottingham Path,
Nottingham Street,
Nottinghill Road,
Noyes Place,
O Street,
O Street Place,
O'Brien Court,
O'Callaghan Way,
O'Connell Road,
O'Donnell Terrace,
O'Leary Way,
O'Meara Court,
O'Neil Place,
O'Reilly Way,
Oak Avenue,
Oak Hill Avenue,
Oak Lawn Avenue,
Oak Place,
Oak Road,
Oak Square,
Oak Square Avenue,
Oak Street,
Oak Street West,
Oakcrest Road,
Oakdale Square,
Oakdale Street,
Oakdale Terrace,
Oakhurst Street,
Oakland Court,
Oakland Park,
Oakland Place,
Oakland Street,
Oakley Street,
Oakman Street,
Oakmere Street,
Oakridge Street,
Oakton Avenue,
Oakview Avenue,
Oakview Terrace,
Oakwood Street,
Obierne Place,
Ocean Street,
Ocean View Drive,
Ogden Street,
Old Amory Street,
Old Atlantic Avenue,
Old Colony Avenue,
Old Colony Terrace,
Old Everett Street,
Old Harbor Street,
Old Ironsides Way,
Old Landing Way,
Old Morton Street,
Old Road,
Oldfields Road,
Oleander Street,
Olita Relief Cemetery,
Oliva Road,
Olive Street,
Oliver Street,
Olmstead Street,
Olney Street,
Onslow Terrace,
Opera Place,
Ophir Street,
Orange Street,
Orchard Park Street,
Orchard Road,
Orchard Street,
Orchardfield Street,
Orchardhill Road,
Organ Park Street,
Orient Avenue,
Orient Height Drop Off/Pick Up,
Oriole Drive,
Oriole Street,
Orkney Road,
Orlando Street,
Orleans Street,
Ormond Street,
Orne Street,
Orton-Marotta Way,
Oscar Street,
Osceola Street,
Osgood Court,
Osprey Way,
Ostro Hebrew Marshoe Cemetery,
Oswald Street,
Otis Place,
Otis Street,
Otisfield Street,
Outlook Road,
Overland Street,
Overlook Road,
Owen Street,
Owencroft Road,
Oxford Place,
Oxford Street,
Oyster Bay Road,
P Street,
Pacific Street,
Packard Avenue,
Pacuska Circle,
Page Street,
Page Terrace,
Pages Court,
Paige Avenue,
Paine Street,
Paisley Park,
Palace Road,
Palermo Street,
Palfrey Street,
Pallet Path,
Palmer Street,
Pama Gardens,
Pappas Way,
Parade Ground Path,
Paragon Road,
Paris Court,
Paris Place,
Paris Street,
Parish Street,
Park Drive,
Park Front Road,
Park Lane,
Park Lane Drive,
Park Place,
Park Plaice,
Park Plaza,
Park Street,
Park Street Busway,
Park Street Mall,
Park Street Place,
Park Terrace,
Park Vale Avenue,
Park View Street,
Parker Hill Avenue,
Parker Hill Terrace,
Parker Street,
Parklawn Road,
Parkman Drive,
Parkman Place,
Parkman Street,
Parkside Drive,
Parkson Street,
Parkton Road,
Parkway Road,
Parkway Street,
Parkwood Terrace,
Parley Avenue,
Parley Vale,
Parmelee Street,
Parmenter Street,
Parrott Street,
Parsons Street,
Partridge Place,
Partridge Street,
Pasadena Road,
Paseo Boriken,
Pastene Alley,
Patrick J. Kelly Daniel M. McGoff Memorial Park,
Patten Street,
Patterson Street,
Patterson Way,
Paul Gore Street,
Paul Gore Terrace,
Paul Place,
Paul Revere Footpath,
Paul Revere Landing Park,
Paul Sullivan Way,
Paula Road,
Paulding Street,
Paulman Circle,
Paxton Street,
Payne Street,
Payson Avenue,
Payson Place,
Payson Road,
Peabody Circle,
Peabody Place,
Peabody Square,
Peaceable Street,
Peacevale Road,
Peacock Lane,
Peak Hill Road,
Pearl Place,
Pearl Street,
Peirson Street,
Pelham Street,
Pelham Terrace,
Pelton Street,
Pembroke Street,
Pender Street,
Penfield Street,
Penhallow Street,
Peninsula Place,
Penniman Road,
Penryth Street,
People's Baptist Place,
Peoples Baptists Place,
Pequot Street,
Perabo Terrace,
Percival Place,
Percival Street,
Perham Street,
Perimeter Road,
Perkins Avenue,
Perkins Square,
Perkins Street,
Perrin Street,
Perry Street,
Pershing Road,
Perth Street,
Perthshire Road,
Peter Parley Road,
Peterborough Street,
Peters Hill Road,
Peters Street,
Petrel Street,
Pevear Place,
Peverell Street,
Pheasant Street,
Philbrick Street,
Philip Street,
Phillips Court,
Phillips Square Tactical Plaza,
Phillips Street,
Phipps Street,
Pi Alley,
Pickering Avenue,
Piedmont Street,
Pier Four Boulevard,
Pierce Avenue,
Pierce Street,
Pierpont Road,
Pierre Lallement Bike Path,
Piers Park Lane,
Pike Street,
Pilgrim Place,
Pilgrim Road,
Pinckney Street,
Pine Avenue,
Pine Lodge Road,
Pine Ridge Road,
Pine Street,
Pine Tree Lane,
Pinebank Promontory,
Pinecliff Road,
Pinedale Road,
Pinefield Lane,
Pinefield Road,
Pinehurst Street,
Pinewood Street,
Ping On Street,
Pingree Street,
Pitsmoor Road,
Plain Street,
Plainfield Street,
Planet Street,
Plant Court,
Platt Road,
Playstead Road,
Plaza Betances,
Pleasant Avenue,
Pleasant Hill Avenue,
Pleasant Hill Terrace,
Pleasant Street,
Pleasant Street Court,
Pleasant Valley Circle,
Pleasantdale Road,
Pleasanton Street,
Pleasantview Street,
Plover Street,
Plummer Place,
Plympton Street,
Polk Street,
Polonnoe Cemetery,
Pomeroy Place,
Pomeroy Street,
Pomfret Street,
Pomona Avenue,
Pompeii Street,
Ponce Way,
Pond Circle,
Pond Road,
Pond Street,
Pond Street Place,
Pond View Avenue,
Pontiac Street,
Popes Hill Street,
Poplar Street,
Port Lane,
Port Norfolk Street,
Porter Street,
Porter Terrace,
Portina Road,
Portland Street,
Portsmouth Street,
Post Office Square,
Potomac Street,
Potosi Street,
Powell Street,
Powellton Road,
Power House Street,
Powers Court,
Poydras Street,
Prairie Street,
Pratt Street,
Preble Street,
Prentiss Street,
Presby Place,
Prescott Place,
Prescott Street,
Prescott Street Avenue,
Presentation Road,
President Road,
President Terrace,
Presley Road,
Preston Road,
Price Road,
Priesing Street,
Primrose Street,
Primus Avenue,
Prince Street,
Princeton Place,
Princeton Street,
Priscilla Road,
Private Alley 234,
Private Alley 448,
Private Alley 449,
Private Alley 454,
Private Alley 455,
Private Alley 456,
Private Alley 457,
Private Alley 458,
Private Alley 459,
Private Alley 540,
Private Alley 541,
Private Alley 544,
Private Alley 546,
Private Alley 906,
Private Alley 914,
Private Alley 920,
Private Alley 924,
Private Alley 925,
Private Alley 926,
Private Alley 929,
Private Alley 930,
Private Alley 931,
Private Alley 932,
Private Alley 933,
Private Alley 934,
Private Alley 935,
Private Alley 936,
Private Alley 937,
Private Alley 938,
Private Alley 939,
Private Lane at 151 Bigelow Street,
Private Way,
Proctor Street,
Prospect Avenue,
Prospect Circle,
Prospect Park,
Prospect Street,
Prospect Terrace,
Providence Street,
Province Court,
Province Street,
Public Alley 1001,
Public Alley 101,
Public Alley 102,
Public Alley 2001,
Public Alley 303,
Public Alley 402,
Public Alley 403,
Public Alley 404,
Public Alley 405,
Public Alley 414,
Public Alley 415,
Public Alley 416,
Public Alley 417,
Public Alley 418,
Public Alley 419,
Public Alley 420,
Public Alley 421,
Public Alley 422,
Public Alley 423,
Public Alley 424,
Public Alley 425,
Public Alley 426,
Public Alley 427,
Public Alley 428,
Public Alley 429,
Public Alley 430,
Public Alley 431,
Public Alley 432,
Public Alley 433,
Public Alley 434,
Public Alley 435,
Public Alley 436,
Public Alley 437,
Public Alley 438,
Public Alley 439,
Public Alley 440,
Public Alley 441,
Public Alley 442,
Public Alley 443,
Public Alley 444,
Public Alley 502,
Public Alley 503,
Public Alley 539,
Public Alley 542,
Public Alley 543,
Public Alley 701,
Public Alley 705,
Public Alley 706,
Public Alley 710,
Public Alley 714,
Public Alley 715,
Public Alley 716,
Public Alley 717,
Public Alley 718,
Public Alley 719,
Public Alley 801,
Public Alley 802,
Public Alley 804,
Public Alley 807,
Public Alley 809,
Public Alley 810,
Public Alley 811,
Public Alley 818,
Public Alley 819,
Public Alley 820,
Public Alley 821,
Public Alley 822,
Public Alley 823,
Public Alley 901,
Public Alley 904,
Public Alley 905,
Public Alley 908,
Public Alley 909,
Public Garden Foot Bridge,
Public Parking,
Pultusker Cemetery,
Pumphouse Road,
Purchase Street,
Puritan Avenue,
Puritan Mount Sinai Cemetery,
Putnam Avenue,
Putnam Place,
Putnam Street,
Quail Street,
Quaker Lane,
Quarley Road,
Queen Street,
Queensberry Street,
Quincefield Place,
Quincefield Street,
Quincy Court,
Quincy Hebrew Cemetery,
Quincy Place,
Quincy Street,
Quinn Way,
Quint Avenue,
Radcliffe Road,
Radcliffe Street,
Radford Lane,
Radford Place,
Radnor Road,
Railroad Mall,
Railroad Street,
Rainier Road,
Raldne Road,
Raleigh Street,
Ralston Road,
Ralwood Road,
Rambler Road,
Ramsdell Avenue,
Ramsey Street,
Rand Place,
Rand Street,
Randall Street,
Randlett Place,
Randolph Street,
Ranelegh Road,
Range Road,
Rangeley Street,
Ranley Road,
Ransom Road,
Raven Street,
Ravenna Road,
Rawson Street,
Rawston Road,
Raymond Street,
Raynes Road,
Raynor Circle,
Reading Street,
Readville Street,
Realton Road,
Rector Road,
Red Auerbach Way,
Red Pine Road,
Reddy Avenue,
Redfield Street,
Redford Street,
Redgate Road,
Redlands Road,
Redwood Street,
Reed Street,
Reedsdale Street,
Regal Street,
Regan Road,
Regent Circle,
Regent Place,
Regent Square,
Regent Street,
Regina Road,
Regis Road,
Remington Street,
Rena Street,
Rendall Road,
Renfrew Street,
Reservation Road,
Reservoir Avenue,
Reservoir Court,
Reservoir Road,
Revere Street,
Reverend Anthony Ciao Footway,
Reverend Burke Street,
Reverend Robert M. Costello Place,
Rexford Street,
Rexhame Street,
Reynold Road,
Rhoades Street,
Rhoda Street,
Rhododendron Path,
Rice Street,
Rich Street,
Rich-Hood Avenue,
Richard B. Ross Way,
Richard Terrace,
Richards Street,
Richardson Street,
Richfield Park,
Richfield Street,
Richmere Road,
Richmond Place,
Richmond Street,
Richview Street,
Richwood Street,
Ricker Terrace,
Rickerhill Road,
Ridge Street,
Ridgecrest Drive,
Ridgecrest Terrace,
Ridgemont Street,
Ridgeview Avenue,
Ridgeway Lane,
Ridgewood Street,
Ridlon Road,
Riley Road,
Rill Street,
Ring Road,
Ringgold Street,
Ripley Road,
Risley Road,
Rita Road,
Ritchie Street,
River Street,
River Street Terrace,
Riverbank Place,
Riverdale Parkway Path,
Riverdale Parkway Rotary,
Riverdale Road,
Riverdale Street,
Rivermoor Street,
Riverside Square,
Riverview Road,
Riverway,
Riverway Street,
Roach Street,
Roanoke Avenue,
Roanoke Road,
Robbart Lane,
Robert Street,
Roberts Place,
Robeson Footpath,
Robeson Street,
Robey Street,
Robin Hood Street,
Robin Street,
Robinson Street,
Robinwood Avenue,
Robken Road,
Roche Family Way,
Rock Avenue,
Rock Hill Road,
Rock Pond Trail,
Rock Road,
Rock Terrace,
Rockdale Street,
Rockford Street,
Rockingham Avenue,
Rockingham Road,
Rockland Avenue,
Rockland Street,
Rockledge Street,
Rockmere Street,
Rockmount Street,
Rockne Avenue,
Rockvale Circle,
Rockview Place,
Rockview Street,
Rockville Park,
Rockway Street,
Rockwell Street,
Rockwood Street,
Rockwood Terrace,
Rocky Nook Terrace,
Rodman Street,
Rodney Street,
Roemer Plaza,
Rogers Park Avenue,
Rogers Street,
Roland Street,
Rollins Place,
Rollins Street,
Romar Terrace,
Romsey Street,
Ronald Street,
Ronan Street,
Rosa Street,
Rosaria Street,
Rose Garden Circle,
Rose Place,
Rosebery Road,
Roseclair Street,
Rosecliff Street,
Rosecliff Terrace,
Rosedale Street,
Roseglen Road,
Roseland Street,
Rosemary Street,
Rosemere Court,
Rosemont Street,
Roseway Street,
Rosewood Street,
Roslin Street,
Roslindale Avenue,
Roslyn Place,
Ross Place,
Ross Road,
Rosselerin Road,
Rosseter Street,
Rossmore Road,
Roswell Street,
Rotterdam Street,
Round Hill Street,
Rowe Court,
Rowe Street,
Rowell Street,
Rowen Court,
Rowena Street,
Rowes Wharf,
Rowley Street,
Roxana Street,
Roxbury Lodge Imas Cemetery,
Roxbury Street,
Roxse Drive,
Roxton Street,
Royal Street,
Royce Road,
Roys Street,
Rozella Street,
Ruffing Street,
Rugby Road,
Rugdale Road,
Rugg Road,
Ruggles Street,
Rumford Road,
Rundel Park,
Running Brook Road,
Rusfield Street,
Rushmore Street,
Ruskin Road,
Ruskin Street,
Ruskindale Road,
Russell Street,
Russett Road,
Rustic Road,
Rustlewood Road,
Ruth Street,
Rutherford Avenue,
Ruthven Park,
Ruthven Street,
Rutland Square,
Rutland Street,
Rutledge Street,
Ruxton Road,
Ryan Road,
Ryder Hill Road,
Sachem Street,
Sackville Street,
Saco Street,
Safford Street,
Sagamore Street,
Saint Albans Road,
Saint Alphonsus Street,
Saint Andrew Avenue,
Saint Andrew Road,
Saint Anthony Avenue,
Saint Benedict Avenue,
Saint Botolph Street,
Saint Brendan Road,
Saint Casimir Street,
Saint Cecilia Street,
Saint Charles Street,
Saint Clare Road,
Saint Cyprians Place,
Saint Edward Road,
Saint Elizabeth Avenue,
Saint Franics Avenue,
Saint George Avenue,
Saint George Street,
Saint Germain Street,
Saint Gregory Street,
Saint James Avenue,
Saint James Place,
Saint James Street,
Saint James the Apostle Cemetery,
Saint John Avenue,
Saint John Street,
Saint Johns Avenue,
Saint Joseph Avenue,
Saint Joseph Street,
Saint Jude Terrace,
Saint Lukes Road,
Saint Margaret Street,
Saint Mark Street,
Saint Marks Road,
Saint Martin Street,
Saint Mary's Avenue,
Saint Mary's Cemetery,
Saint Mary's Street,
Saint Michael Avenue,
Saint Patrick Avenue,
Saint Paul Avenue,
Saint Paul Street,
Saint Peter Avenue,
Saint Peter Street,
Saint Richard Street,
Saint Rose Street,
Saint Stephen Street,
Saint Theresa Avenue,
Saint Thomas More Road,
Saint Vincent Section,
Saint William Avenue,
Saint William Street,
Salcombe Street,
Salem Hill Court,
Salem Street,
Salem Street Avenue,
Salina Road,
Salisbury Park,
Salman Street,
Salt Lane,
Salutation Street,
Sammett Avenue,
Samoset Street,
Samuel Morse Way,
San Juan Street,
Sanborn Avenue,
Sanderson Place,
Sandpiper Lane,
Sanford Street,
Sanger Street,
Santuit Street,
Saranac Street,
Saratoga Place,
Saratoga Street,
Saratoga Street Circle,
Sargent Beechwood,
Sargent Crossway,
Sargent Street,
Saunders Street,
Savannah Avenue,
Saville Street,
Savin Hill Avenue,
Savin Hill Court,
Savin Hill Lane,
Savin Hill Terrace,
Savin Street,
Savoy Street,
Sawyer Avenue,
Sawyer Terrace,
Saxton Street,
Saybrook Street,
Saybrook Terrace,
Sayward Place,
Sayward Street,
Schiller Road,
Schiller Street,
Schirmer Road,
School House Court,
School Street,
School Street Place,
Schortmanns Terrace,
Schrepel Place,
Schroeder Plaza,
Schubert Street,
Schuyler Street,
Science Drive,
Scotia Street,
Scott Place,
Scottfield Road,
Scotts Alley,
Scribner Road,
Sea View Avenue,
Sea View Terrace,
Seaborn Street,
Seafood Way,
Seager Court,
Seaport Boulevard,
Seaport Lane,
Searle Road,
Seattle Street,
Seaver Place,
Seaver Street,
Seaverns Avenue,
Second Avenue,
Second New Way,
Second Street,
Secretaries Landing,
Sedalia Road,
Sedgwick Street,
Seeanar Road,
Sefton Street,
Segel Street,
Selden Street,
Selkirk Road,
Selma Street,
Selwyn Street,
Seminary Street,
Seminole Street,
Semont Road,
Senator Bolling Circle,
Senders Court,
Sentry Hill Place,
Service Place,
Service Road,
Seven Pine Road,
Seventh Street,
Sewall Place,
Sewall Street,
Sexton Court,
Seymour Street,
Shabazz Way,
Shafter Street,
Shandon Road,
Shanley Street,
Shannon Street,
Shara Tfilo Cemetery,
Sharp Street,
Shattuck Street,
Shaw Street,
Shawmut Avenue,
Shawmut Street,
Shawsheen Road,
Sheafe Street,
Sheffield Road,
Shelby Street,
Sheldon Street,
Shenandoah Street,
Shepard Court,
Shepard Place,
Shepard Street,
Shepard Way,
Shepetovka Cemetery,
Shepherd Avenue,
Shepton Street,
Shepton Terrace,
Sherbrook Street,
Sheridan Street,
Sherman Road,
Sherman Street,
Sherrin Street,
Sherwood Court,
Sherwood Street,
Shetland Street,
Shipway Place,
Shirley Street,
Shore Road,
Shoreline Road,
Short Road,
Short Street,
Short Street Place,
Shrewsbury Road,
Shurland Street,
Sidlaw Road,
Sidley Road,
Sierra Road,
Sigourney Street,
Silber Way,
Silloway Street,
Silva Place,
Silver Line Way (Outbound),
Silver Street,
Silvia Court,
Simbroco Street,
Sinclair Road,
Sixteenth Street,
Sixth Street,
Skybridge to Hilton,
Skyline Road,
Slayton Way,
Sleeper Street,
Slocum Road,
Smith Court,
Smith Street,
Smithfield Road,
Snelling Place,
Snow Hill Street,
Snow Place,
Snow Street,
Snowden Way,
Sobin Park,
Sojourner Truth Court,
Solaris Road,
Soldier Field Road,
Soldiers Field Park,
Soldiers Field Place,
Soldiers Field Road,
Soley Street,
Somerset Street,
Sonoma Street,
Sorrento Street,
South Bay Avenue,
South Bay Harbor Trail,
South Boston Bypass Road,
South Boston Piers Transitway,
South Bremen Street,
South Cedar Place,
South Charlame Court,
South Charlame Terrace,
South Conway Street,
South Crescent Circuit,
South Fairview Street,
South Hobart Street,
South Huntington Avenue,
South Market Street,
South Munroe Terrace,
South Point Drive,
South Quincy Place,
South Russell Street,
South Station Connector,
South Street,
South Sydney Street,
South Walter Street,
South Waverly Street,
South Whitney Street,
Southampton Street,
Southbound Platform (Track 5),
Southbound/Northbound Platform (Tracks 5 & 6),
Southbourne Road,
Southeast Expressway,
Southeast Expressway HOV Lane,
Souther Road,
Southern Avenue,
Southmere Road,
Southview Street,
Southwick Street,
Southwood Street,
Spalding Street,
Sparhawk Street,
Sparrow Street,
Spaulding Street,
Speare Place,
Speedway Avenue,
Speedwell Street,
Speing House Trail,
Spencer Street,
Spice Street,
Spinney Street,
Spofford Road,
Sprague Place,
Sprague Street,
Spring Garden Street,
Spring Hill Road,
Spring House Trail,
Spring Lane,
Spring Park Avenue,
Spring Road,
Spring Street,
Spring Valley Road,
Springdale Street,
Springer Street,
Springvale Avenue,
Spruce Avenue,
Spruce Court,
Spruce Place,
Spruce Street,
Spurr Street,
Stacey Street,
Stack Street,
Stadium Road,
Stafford Street,
Stanbro Street,
Standard Street,
Standish Street,
Stanhope Street,
Staniford Street,
Stanley Street,
Stanton Street,
Stanwood Street,
Stanwood Terrace,
Starbird Avenue,
Starboard Way,
Stark Street,
Staro Konstantinov Cemetery,
Starr King Court,
Starr Lane,
State Street,
Station Corridor,
Station Stairs,
Station Street,
Stearns Road,
Stedman Street,
Stella Road,
Stellman Road,
Stepiner Cemetery,
Stillings Street,
Stillman Place,
Stillman Street,
Stimson Road,
Stimson Street,
Stock Street,
Stockton Street,
Stockwell Street,
Stone Terrace,
Stonecrest Road,
Stonehill Road,
Stonehill Terrace,
Stoneholm Street,
Stonehurst Street,
Stonley Road,
Storey Place,
Storrow Drive,
Story Street,
Stoughton Street,
Stoughton Street Place,
Stoughton Terrace,
Stow Road,
Stratford Street,
Strathcona Road,
Strathmore Road,
Stratton Street,
Strong Place,
Stuart Street,
Studio Place,
Sturbridge Street,
Sturges Road,
Sturtevant Street,
Sudan Street,
Sudbury Street,
Sullivan Square Lower Busway,
Sullivan Square Underpass,
Sullivan Square Upper Busway,
Sullivan Street,
Summer Street,
Summer Street Place,
Summit Avenue,
Summit Circle,
Summit Street,
Sumner Avenue,
Sumner Park,
Sumner Place,
Sumner Square,
Sumner Street,
Sumner Terrace,
Sumner Tunnel,
Sun Court Street,
Sunapee Lane,
Suncrest Road,
Sunderland Street,
Sunnybank Road,
Sunnyside Street,
Sunset Avenue,
Sunset Hill Path,
Sunset Hill Road,
Sunset Lane,
Sunset Street,
Supertest Street,
Supple Road,
Surrey Street,
Surreyhill Lane,
Susanna Court,
Sussex Street,
Sutherland Road,
Sutton Street,
Swallow Street,
Swan Avenue,
Swan Court,
Swan Street,
Sweet Fern Terrace,
Swift Street,
Swift Terrace,
Swordfish Way,
Sycamore Avenue,
Sycamore Street,
Sydney Street,
Sylvester Road,
Sylvia Street,
Symmes Street,
Symphony Road,
Taber Street,
Tacoma Street,
Taft Court,
Taft Street,
Tafthill Park,
Tafthill Terrace,
Tafts Avenue,
Tai Tung Street,
Talbot Avenue,
Talbot Place,
Tampa Street,
Tamworth Street,
Tanglewood Road,
Tappan Street,
Tarleton Road,
Taunton Avenue,
Taylor Street,
Taylor Terrace,
Tearsen Street,
Tebroc Street,
Ted Williams Tunnel,
Teddy Corcilius Way,
Telegraph Street,
Telford Street,
Telford Street Extension,
Temple Emeth Cemetery,
Temple Emeth Memorial Park,
Temple Emeth Memorial Park Section A/B,
Temple Emeth Memorial Park Section B/C,
Temple Emeth Memorial Park Section C/D,
Temple Emeth Memorial Park Section D/E,
Temple Emeth Memorial Park Section E/F,
Temple Ohabei Shalom Cemetery,
Temple Place,
Temple Street,
Temple Terrace,
Templeton Way,
Tenean Street,
Tennis Court Cut Through,
Tennis Road,
Tennyson Street,
Teragram Street,
Teresa Terrace,
Terminal B - arrivals,
Terminal B - departures,
Terminal Road,
Terminal Street,
Termine Avenue,
Terrace Place,
Terrace Street,
Terry Ring Way,
Tesla Street,
Tetlow Street,
Thacher Court,
Thacher Street,
Thane Street,
Thatcher Street,
Thayer Street,
The Boston Women's Memorial,
The Gardens Cemetery: Gethsemane,
The Lotta Fountain,
Thelma Road,
Theodore A. Glynn Way,
Theodore Parker Road,
Theodore Street,
Thetford Avenue,
Third Avenue,
Third Street,
Thirteenth Street,
Thomas J. Butler Dedicated Freight Corridor,
Thomas Park,
Thomas Street,
Thomas Whalen Square,
Thompson Square,
Thompson Street,
Thomson Place,
Thor Terrace,
Thoreau Path,
Thorn Street,
Thorndike Street,
Thornley Street,
Thornton Place,
Thornton Street,
Thornton Terrace,
Thrush Street,
Thurlow Street,
Thurston Street,
Thwing Street,
Tibbett's Town Way,
Ticknor Street,
Tide Street,
Tilesboro Street,
Tileston Place,
Tileston Street,
Tilman Street,
Tina Avenue,
Tip Top Street,
Tiverton Road,
To Terminal A & Central Parking,
Tobin Bridge,
Tobin Road,
Toland Court,
Toledo Terrace,
Tolman Street,
Tomahawk Drive,
Tomasello Way,
Tonawanda Street,
Tontine Crescent,
Topalian Street,
Topeka Street,
Topliff Street,
Toppan Avenue,
Torpie Street,
Torrey Street,
Tovar Street,
Tower Street,
Town Street,
Townsend Street,
Tracton Avenue,
Train Street,
Transit Street,
Transportation Way,
Trapelo Street,
Trask Street,
Traveler Street,
Travis Street,
Treadway Road,
Trelawney Road,
Tremlett Street,
Tremont Place,
Tremont Street,
Trent Street,
Trenton Street,
Trescott Street,
Trevore Street,
Trident Street,
Trinity Place,
Trinity Terrace,
Trotter Court,
Trull Street,
Truman Parkway,
Trustman Terrace,
Tucker Street,
Tuckerman Street,
Tudor Street,
Tufts Street,
Tupelo Street,
Turner Street,
Turquoise Way,
Turtle Pond Parkway,
Tuttle Street,
Twomey Court,
Tyler Street,
Tyndale Street,
Ufford Street,
Ukraine Way,
Undine Road,
Union Avenue,
Union Court,
Union Park,
Union Park Street,
Union Street,
Union Wharf,
Unity Court,
Unity Street,
Unity Way,
University Drive East,
University Drive North,
University Drive South,
University Drive West,
University Road,
Upcrest Road,
Upham Avenue,
Upland Avenue,
Upper Plaza,
Upton Street,
Utica Street,
Vale Court,
Vale Street,
Valencia Road,
Valenti Way,
Valentine Street,
Vallar Road,
Vallaro Road,
Valley Road,
Van Brunt Street,
Van Ness Street,
Van Winkle Street,
Vancouver Street,
Vanderbilt Avenue,
Varick Road,
Varney Street,
Vassar Street,
Vaughan Avenue,
Venden Place,
Ventura Street,
Vera Street,
Verdun Street,
Vermont Street,
Verndale Street,
Vernon Street,
Verona Street,
Verrill Street,
Vershire Street,
Vesper Street,
Vesta Road,
Veterans of Foreign Wars Parkway,
Vicksburg Street,
Victor Street,
Victoria Heights Road,
Victoria Street,
Victory Road,
Vienna Street,
View South Avenue,
Viking Street,
Viking Terrace,
Village Court,
Vilno Cemetery,
Vinal Street,
Vincent Road,
Vine Avenue,
Vine Street,
Vineland Street,
Vining Street,
Vinson Street,
Vinton Street,
Violante Street,
Violet Street,
Virgil Road,
Virginia Street,
Vista Street,
Vogel Street,
Von Hillern Street,
Vose Avenue,
Wabash Street,
Wabeno Street,
Wabon Street,
Wachusett Street,
Wade Street,
Wadleigh Place,
Wadsworth Street,
Wainwright Street,
Wait Street,
Wakefield Avenue,
Wakullah Street,
Walbridge Street,
Waldeck Street,
Waldemar Avenue,
Walden Street,
Waldo Terrace,
Waldorf Street,
Waldren Road,
Wales Street,
Walford Way,
Walk Hill Street,
Walker Street,
Wall Street,
Wallace Court,
Wallace Park,
Walley Street,
Wallingford Road,
Walnut Avenue,
Walnut Court,
Walnut Park,
Walnut Place,
Walnut Road,
Walnut Street,
Walter Baker Chocolate Factory Spur,
Walter Street,
Walter Street Gate Road,
Waltham Street,
Walton Street,
Walworth Street,
Ward Court,
Ward Street,
Ward Way,
Wardman Road,
Ware Street,
Wareham Street,
Warner Street,
Warren Avenue,
Warren Park,
Warren Place,
Warren Square,
Warren Street,
Warrenton Street,
Warwick Street,
Washburn Street,
Washington Place,
Washington Street,
Washington Street Place,
Water Street,
Waterford Street,
Waterloo Street,
Waterlow Street,
Waterman Road,
Watson Park Path,
Waumbeck Street,
Wave Avenue,
Waverly Road,
Waverly Street,
Way Street,
Wayburn Road,
Wayland Street,
Wayland Street Branch,
Wayne Street,
Weaver Court,
Weaver Way,
Webb Park,
Webber Street,
Webley Street,
Webster Avenue,
Webster Place,
Webster Street,
Wedgemere Road,
Wedgewood Road,
Wedmore Street,
Weeks Avenue,
Weeks Footbridge,
Weitz Street,
Weld Avenue,
Weld Hill Street,
Weld Street,
Weld Trail,
Weldon Street,
Well Street,
Welland Road,
Welles Avenue,
Wellesley Park,
Wellington Hill Street,
Wellington Place,
Wellington Street,
Wellsmere Park,
Wellsmere Road,
Wellsmere Terrace,
Welton Road,
Wendell Place,
Wendell Street,
Wendeller Street,
Wendover Street,
Wenham Street,
Wenlock Road,
Wenonah Street,
Wensley Street,
Wentworth Street,
Wentworth Terrace,
Wesley Place,
Wesley Street,
Wesleyan Place,
Wessex Street,
West Bellflower Street,
West Boundary Road,
West Broadway,
West Brookline Street,
West Canton Street,
West Cedar Street,
West Concord Street,
West Cottage Street,
West Dedham Street,
West Eagle Street,
West Eighth Street,
West Fifth Street,
West First Street,
West Fourth Street,
West Haven Street,
West Hill Place,
West Howell Street,
West Loop Trail,
West Main Street,
West Milton Place,
West Milton Street,
West Newton Street,
West Ninth Street,
West Park Street,
West Roxbury Centre Street Rotary,
West Roxbury Parkway,
West Roxbury VFW Parkway Rotary,
West Rutland Square,
West School Street,
West Second Street,
West Selden Street,
West Service Road,
West Service Road Extension,
West Seventh Street,
West Sixth Street,
West Sorrento Street,
West Springfield Street,
West Street,
West Third Street,
West Third Street Place,
West Tremlett Street,
West Walnut Park,
Westbound Platform (Tracks 1 & 2),
Westbourne Street,
Westbourne Terrace,
Westbrook Street,
Westchester Road,
Westcott Street,
Westerly Street,
Western Avenue,
Western Path,
Westford Place,
Westford Street,
Westgate Road,
Westglow Street,
Westinghouse Plaza,
Westland Avenue,
Westminster Avenue,
Westminster Court,
Westminster Street,
Westminster Terrace,
Westmoor Circle,
Westmoor Road,
Westmoor Terrace,
Westmore Road,
Westmoreland Street,
Westmount Avenue,
Weston Street,
Westover Street,
Westview Street,
Westview Way,
Westville Street,
Westville Terrace,
Westwind Road,
Westwood Street,
Weyanoke Street,
Weybosset Street,
Weymouth Avenue,
Wharf Street,
Wharton Court,
Wheatland Avenue,
Wheatley Way,
Wheelock Avenue,
Whipple Avenue,
Whipple Street,
Whitby Street,
Whitby Terrace,
Whitcomb Avenue,
White Oak Road,
White Street,
White Street Place,
Whitfield Street,
Whitford Street,
Whiting Street,
Whitman Street,
Whitridge Street,
Whittemore Street,
Whittemore Terrace,
Whitten Street,
Whittier Place,
Whittier Street,
Wichita Terrace,
Widett Circle,
Wiget Street,
Wiggin Street,
Wigglesworth Street,
Wilbert Circle,
Wilbert Road,
Wilbur Court,
Wilbur Street,
Wilcock Street,
Wilcox Road,
Wilcutt Road,
Wildwood Street,
Wilkins Place,
Wilkinson Park,
Willers Street,
Willet Street,
William Cardinal O'Connell Way,
William E. Mullins Way,
William F. Kelley Circle,
William J. Day Boulevard,
William Jackson Avenue,
William T Morrissey Boulevard,
William T. Morrissey Boulevard,
Williams Avenue,
Williams Street,
Willis Street,
Williston Road,
Willoughby Place,
Willoughby Street,
Willow Avenue,
Willow Court,
Willow Path,
Willow Pond Road,
Willow Street,
Willow Terrace,
Willowdean Avenue,
Willowwood Street,
Wilmington Avenue,
Wilmore Street,
Wilmot Street,
Wilna Court,
Wilrose Street,
Wilson Park,
Wilson Street,
Wilton Street,
Wilton Terrace,
Wiltshire Road,
Winborough Street,
Winchester Street,
Winchester Terrace,
Windermere Road,
Windham Road,
Windom Street,
Windsor Street,
Winfield Street,
Wingate Road,
Wings Lane,
Winship Place,
Winship Street,
Winslow Road,
Winslow Street,
Winston Road,
Winter Place,
Winter Street,
Winter Street Concourse,
Winthrop Lane,
Winthrop Street,
Winton Street,
Wirt Street,
Wise Street,
Wistar Place,
Withington Street,
Wolcott Court,
Wolcott Road,
Wolcott Square,
Wolcott Street,
Wolfe Street,
Wollaston Terrace,
Wood Avenue,
Wood Island Park,
Wood Street,
Woodard Road,
Woodbine Street,
Woodbole Avenue,
Woodbourne Road,
Woodbrier Road,
Woodcliff Road,
Woodcliff Street,
Wooddale Avenue,
Woodfield Street,
Woodford Street,
Woodgate Street,
Woodglen Road,
Woodhaven Street,
Woodland Place,
Woodland Road,
Woodlawn Street,
Woodledge Street,
Woodley Avenue,
Woodman Street,
Woodmere Street,
Woodmont Street,
Woodrow Avenue,
Woodruff Way,
Woods Place,
Woodside Avenue,
Woodstock Avenue,
Woodville Park,
Woodville Street,
Woodville Terrace,
Woodward Avenue,
Woodward Park Street,
Woodward Place,
Woodward Street,
Woodworth Street,
Woolsey Square,
Woolson Street,
Worcester Square,
Worcester Street,
Wordsworth Street,
World Series Way,
World Trade Center Avenue,
Worley Street,
Wormwood Street,
Worrell Street,
Worthington Street,
Wren Street,
Wrentham Street,
Wright Street,
Wycliff Avenue,
Wyman Place,
Wyman Street,
Wyola Place,
Wyoming Street,
Wyvern Street,
Yale Terrace,
Yarmouth Place,
Yarmouth Street,
Yeoman Street,
York Street,
Yorktown Street,
Youngs Road,
Yuill Circle,
Yuletide Road,
Zamora Court,
Zamora Street,
Zeigler Street,
Zeller Street,
Zion Avenue,
parking garage access,
